Date,Time,Price1,Price2,Price3,Price,Volume
1996.02.18,0:00,0.7567,0.7586,0.7494,0.7575,435
1996.02.25,0:00,0.7566,0.768,0.7553,0.7616,423
1996.03.03,0:00,0.7634,0.7695,0.7568,0.7689,349
1996.03.10,0:00,0.7685,0.7768,0.766,0.7733,301
1996.03.17,0:00,0.7728,0.779,0.772,0.7769,286
1996.03.24,0:00,0.7755,0.7845,0.772,0.783,405
1996.03.31,0:00,0.7845,0.788,0.7789,0.7845,387
1996.04.07,0:00,0.7831,0.7927,0.7815,0.7917,382
1996.04.14,0:00,0.792,0.7937,0.7809,0.786,375
1996.04.21,0:00,0.7843,0.792,0.783,0.7905,346
1996.04.28,0:00,0.7891,0.7982,0.7845,0.7974,362
1996.05.05,0:00,0.7966,0.805,0.795,0.802,398
1996.05.12,0:00,0.8012,0.8041,0.797,0.801,443
1996.05.19,0:00,0.7991,0.801,0.7893,0.7912,467
1996.05.26,0:00,0.7904,0.8002,0.7892,0.7989,315
1996.06.02,0:00,0.8,0.8036,0.7848,0.7926,417
1996.06.09,0:00,0.7906,0.7955,0.7865,0.7932,378
1996.06.16,0:00,0.792,0.7933,0.7866,0.7895,348
1996.06.23,0:00,0.7881,0.7935,0.7853,0.7871,332
1996.06.30,0:00,0.7872,0.7975,0.7805,0.7956,419
1996.07.07,0:00,0.7944,0.8003,0.7915,0.7976,386
1996.07.14,0:00,0.7965,0.798,0.783,0.7918,531
1996.07.21,0:00,0.791,0.7932,0.7845,0.7868,488
1996.07.28,0:00,0.7871,0.7895,0.7685,0.7739,615
1996.08.04,0:00,0.7726,0.7817,0.7715,0.7798,433
1996.08.11,0:00,0.7786,0.7846,0.7763,0.7832,327
1996.08.18,0:00,0.7829,0.7938,0.7829,0.7917,456
1996.08.25,0:00,0.7908,0.7945,0.7864,0.7902,355
1996.09.01,0:00,0.7905,0.8009,0.7883,0.8,340
1996.09.08,0:00,0.799,0.8024,0.79,0.7912,367
1996.09.15,0:00,0.7917,0.7948,0.786,0.7921,432
1996.09.22,0:00,0.791,0.7942,0.7851,0.7902,334
1996.09.29,0:00,0.7907,0.797,0.7877,0.789,405
1996.10.06,0:00,0.7885,0.7929,0.7855,0.7906,444
1996.10.13,0:00,0.7906,0.797,0.7884,0.7957,330
1996.10.20,0:00,0.7951,0.8001,0.7885,0.7905,407
1996.10.27,0:00,0.7905,0.7948,0.7874,0.789,380
1996.11.03,0:00,0.7885,0.7935,0.7813,0.7879,556
1996.11.10,0:00,0.7881,0.7925,0.786,0.7906,365
1996.11.17,0:00,0.7903,0.8152,0.7899,0.8146,470
1996.11.24,0:00,0.8128,0.8173,0.8068,0.8166,500
1996.12.01,0:00,0.817,0.8215,0.785,0.798,983
1996.12.08,0:00,0.7986,0.8053,0.7881,0.792,537
1996.12.15,0:00,0.7931,0.7974,0.79,0.7956,354
1996.12.22,0:00,0.7955,0.8005,0.7937,0.7955,295
1996.12.29,0:00,0.797,0.799,0.7883,0.7906,369
1997.01.05,0:00,0.7907,0.7923,0.7732,0.782,659
1997.01.12,0:00,0.7815,0.7831,0.7735,0.781,512
1997.01.19,0:00,0.7819,0.7826,0.7698,0.773,467
1997.01.26,0:00,0.7725,0.7741,0.759,0.7623,558
1997.02.02,0:00,0.7626,0.7701,0.7585,0.762,645
1997.02.09,0:00,0.761,0.7735,0.7546,0.765,660
1997.02.16,0:00,0.7646,0.7798,0.763,0.778,465
1997.02.23,0:00,0.7761,0.7825,0.7732,0.7791,498
1997.03.02,0:00,0.7805,0.7918,0.7795,0.7866,484
1997.03.09,0:00,0.7868,0.8005,0.7848,0.7985,463
1997.03.16,0:00,0.7976,0.7995,0.7824,0.787,569
1997.03.23,0:00,0.7862,0.7911,0.7798,0.784,491
1997.03.30,0:00,0.7833,0.7903,0.7748,0.776,429
1997.04.06,0:00,0.7757,0.7899,0.773,0.7848,662
1997.04.13,0:00,0.7852,0.787,0.7686,0.7732,581
1997.04.20,0:00,0.7741,0.7805,0.773,0.7762,447
1997.04.27,0:00,0.7762,0.7867,0.7727,0.783,498
1997.05.04,0:00,0.7816,0.7839,0.7735,0.7786,505
1997.05.11,0:00,0.7765,0.7841,0.7722,0.7766,642
1997.05.18,0:00,0.7754,0.7896,0.7632,0.7666,749
1997.05.25,0:00,0.7666,0.769,0.7585,0.7604,585
1997.06.01,0:00,0.76,0.7647,0.7558,0.762,513
1997.06.08,0:00,0.7612,0.7635,0.75,0.7511,436
1997.06.15,0:00,0.7511,0.7548,0.7465,0.7511,496
1997.06.22,0:00,0.7503,0.7538,0.7433,0.7451,397
1997.06.29,0:00,0.7454,0.7585,0.7441,0.7488,566
1997.07.06,0:00,0.748,0.7502,0.739,0.7406,567
1997.07.13,0:00,0.7394,0.7444,0.7312,0.7425,552
1997.07.20,0:00,0.742,0.7435,0.732,0.738,535
1997.07.27,0:00,0.7377,0.7502,0.7331,0.739,737
1997.08.03,0:00,0.7382,0.7428,0.7287,0.7351,579
1997.08.10,0:00,0.7353,0.7485,0.735,0.743,498
1997.08.17,0:00,0.741,0.7515,0.7355,0.749,562
1997.08.24,0:00,0.7466,0.7505,0.7308,0.7325,576
1997.08.31,0:00,0.7313,0.7347,0.724,0.7315,563
1997.09.07,0:00,0.73,0.7333,0.7192,0.7223,470
1997.09.14,0:00,0.7213,0.724,0.7143,0.718,466
1997.09.21,0:00,0.719,0.7284,0.718,0.7224,448
1997.09.28,0:00,0.7203,0.7318,0.717,0.7297,543
1997.10.05,0:00,0.728,0.741,0.7211,0.7401,607
1997.10.12,0:00,0.7385,0.7431,0.7316,0.7344,515
1997.10.19,0:00,0.731,0.7328,0.69,0.691,957
1997.10.26,0:00,0.6865,0.7168,0.681,0.7012,1244
1997.11.02,0:00,0.7013,0.7179,0.6918,0.6931,823
1997.11.09,0:00,0.693,0.7027,0.689,0.6976,655
1997.11.16,0:00,0.6944,0.7055,0.685,0.6943,798
1997.11.23,0:00,0.695,0.6966,0.676,0.6815,557
1997.11.30,0:00,0.6811,0.683,0.6695,0.6715,674
1997.12.07,0:00,0.6705,0.6743,0.6605,0.6615,482
1997.12.14,0:00,0.6627,0.6644,0.6458,0.6535,904
1997.12.21,0:00,0.6521,0.661,0.6507,0.6568,317
1997.12.28,0:00,0.6576,0.6598,0.6495,0.651,386
1998.01.04,0:00,0.6501,0.6522,0.6317,0.6445,898
1998.01.11,0:00,0.6414,0.6691,0.6365,0.666,871
1998.01.18,0:00,0.666,0.6691,0.6558,0.6659,730
1998.01.25,0:00,0.6676,0.6885,0.6676,0.683,919
1998.02.01,0:00,0.6807,0.6883,0.668,0.6713,753
1998.02.08,0:00,0.6698,0.684,0.6685,0.6735,691
1998.02.15,0:00,0.6705,0.6777,0.6611,0.67,631
1998.02.22,0:00,0.6673,0.6819,0.66,0.6795,615
1998.03.01,0:00,0.6791,0.685,0.664,0.669,583
1998.03.08,0:00,0.6684,0.6782,0.663,0.677,459
1998.03.15,0:00,0.6762,0.6767,0.6578,0.6655,608
1998.03.22,0:00,0.6642,0.6781,0.6617,0.6718,543
1998.03.29,0:00,0.6699,0.6713,0.6525,0.6565,631
1998.04.05,0:00,0.6563,0.6632,0.6525,0.6566,570
1998.04.12,0:00,0.6567,0.6582,0.645,0.6507,533
1998.04.19,0:00,0.6452,0.6557,0.6448,0.6511,442
1998.04.26,0:00,0.6499,0.6546,0.6423,0.6488,490
1998.05.03,0:00,0.6479,0.649,0.6337,0.6353,492
1998.05.10,0:00,0.6329,0.639,0.6228,0.6276,636
1998.05.17,0:00,0.6258,0.6347,0.6169,0.6273,624
1998.05.24,0:00,0.6259,0.628,0.6158,0.6232,492
1998.05.31,0:00,0.6233,0.6246,0.5995,0.6027,770
1998.06.07,0:00,0.6025,0.6068,0.581,0.5889,982
1998.06.14,0:00,0.5873,0.6288,0.5795,0.614,1315
1998.06.21,0:00,0.6098,0.6147,0.5995,0.6024,832
1998.06.28,0:00,0.5995,0.625,0.5987,0.6185,794
1998.07.05,0:00,0.6135,0.6227,0.6113,0.6165,484
1998.07.12,0:00,0.6092,0.6341,0.6025,0.6255,841
1998.07.19,0:00,0.6262,0.632,0.615,0.6169,624
1998.07.26,0:00,0.616,0.6177,0.6053,0.6065,599
1998.08.02,0:00,0.6065,0.6116,0.5985,0.6002,523
1998.08.09,0:00,0.6,0.6018,0.5901,0.5938,631
1998.08.16,0:00,0.593,0.6,0.58,0.5835,680
1998.08.23,0:00,0.5821,0.583,0.549,0.567,882
1998.08.30,0:00,0.5673,0.592,0.5652,0.589,966
1998.09.06,0:00,0.5872,0.6043,0.581,0.5985,844
1998.09.13,0:00,0.5955,0.6,0.585,0.5873,777
1998.09.20,0:00,0.5862,0.5931,0.575,0.5862,595
1998.09.27,0:00,0.5868,0.6004,0.5833,0.5962,721
1998.10.04,0:00,0.5966,0.6255,0.5813,0.6145,1392
1998.10.11,0:00,0.6147,0.6423,0.6147,0.6346,834
1998.10.18,0:00,0.633,0.636,0.6165,0.6188,774
1998.10.25,0:00,0.6189,0.6275,0.6115,0.6236,629
1998.11.01,0:00,0.625,0.6363,0.621,0.6358,521
1998.11.08,0:00,0.6346,0.6405,0.6217,0.6369,768
1998.11.15,0:00,0.6385,0.6484,0.6293,0.6428,744
1998.11.22,0:00,0.6403,0.6455,0.6323,0.6336,501
1998.11.29,0:00,0.6336,0.6385,0.6155,0.6172,698
1998.12.06,0:00,0.618,0.6265,0.6095,0.621,642
1998.12.13,0:00,0.6198,0.6271,0.6158,0.6199,624
1998.12.20,0:00,0.619,0.622,0.6085,0.6098,492
1998.12.27,0:00,0.609,0.616,0.606,0.6116,461
1999.01.03,0:00,0.6116,0.6375,0.6116,0.635,627
1999.01.10,0:00,0.6343,0.6445,0.628,0.6343,790
1999.01.17,0:00,0.6342,0.6462,0.6315,0.633,630
1999.01.24,0:00,0.6331,0.6343,0.623,0.6305,517
1999.01.31,0:00,0.6313,0.6545,0.6305,0.6512,631
1999.02.07,0:00,0.6515,0.6555,0.639,0.647,661
1999.02.14,0:00,0.647,0.6505,0.6314,0.6408,593
1999.02.21,0:00,0.6409,0.642,0.6173,0.6191,660
1999.02.28,0:00,0.6185,0.63,0.6161,0.6285,582
1999.03.07,0:00,0.628,0.6395,0.6258,0.6364,551
1999.03.14,0:00,0.6352,0.6358,0.6233,0.6308,451
1999.03.21,0:00,0.6304,0.6426,0.6295,0.6355,511
1999.03.28,0:00,0.634,0.638,0.6255,0.6346,510
1999.04.04,0:00,0.634,0.636,0.6225,0.6312,466
1999.04.11,0:00,0.6325,0.6493,0.6322,0.6474,582
1999.04.18,0:00,0.6464,0.6575,0.6447,0.6517,546
1999.04.25,0:00,0.6517,0.6635,0.6454,0.6615,564
1999.05.02,0:00,0.6602,0.6748,0.6574,0.6724,665
1999.05.09,0:00,0.6705,0.6753,0.663,0.6643,650
1999.05.16,0:00,0.6622,0.6745,0.657,0.6578,659
1999.05.23,0:00,0.6574,0.6615,0.646,0.6525,644
1999.05.30,0:00,0.6532,0.6602,0.6403,0.6592,599
1999.06.06,0:00,0.657,0.6666,0.6548,0.6658,645
1999.06.13,0:00,0.664,0.6657,0.6499,0.6525,477
1999.06.20,0:00,0.6528,0.6656,0.6481,0.6618,483
1999.06.27,0:00,0.6615,0.6712,0.654,0.6685,589
1999.07.04,0:00,0.6679,0.6727,0.6605,0.6663,688
1999.07.11,0:00,0.6652,0.6672,0.6568,0.6608,524
1999.07.18,0:00,0.6606,0.6617,0.6415,0.6485,695
1999.07.25,0:00,0.6503,0.6545,0.642,0.6517,516
1999.08.01,0:00,0.6505,0.6604,0.6468,0.6534,426
1999.08.08,0:00,0.6502,0.655,0.6454,0.6525,493
1999.08.15,0:00,0.6533,0.655,0.633,0.636,652
1999.08.22,0:00,0.6388,0.6413,0.629,0.6319,541
1999.08.29,0:00,0.63,0.6475,0.6282,0.6469,504
1999.09.05,0:00,0.645,0.655,0.6418,0.6515,470
1999.09.12,0:00,0.6512,0.659,0.645,0.6468,544
1999.09.19,0:00,0.6465,0.6542,0.6404,0.6509,564
1999.09.26,0:00,0.653,0.66,0.6482,0.6561,623
1999.10.03,0:00,0.6558,0.667,0.6532,0.6548,485
1999.10.10,0:00,0.6535,0.6592,0.6455,0.6477,657
1999.10.17,0:00,0.6444,0.652,0.6413,0.6491,433
1999.10.24,0:00,0.6488,0.6542,0.6358,0.6392,532
1999.10.31,0:00,0.6385,0.6457,0.634,0.6395,531
1999.11.07,0:00,0.6389,0.646,0.6358,0.6454,400
1999.11.14,0:00,0.6471,0.6478,0.6368,0.64,394
1999.11.21,0:00,0.6393,0.64,0.6306,0.6351,478
1999.11.28,0:00,0.6336,0.64,0.6295,0.6325,511
1999.12.05,0:00,0.6329,0.6417,0.6303,0.6353,464
1999.12.12,0:00,0.6353,0.6467,0.6317,0.643,495
1999.12.19,0:00,0.6428,0.6474,0.6405,0.6435,391
1999.12.26,0:00,0.6434,0.658,0.6419,0.6575,397
2000.01.02,0:00,0.6561,0.662,0.6518,0.655,527
2000.01.09,0:00,0.6548,0.6697,0.6523,0.6662,459
2000.01.16,0:00,0.6647,0.6682,0.6613,0.6626,442
2000.01.23,0:00,0.6589,0.66,0.6225,0.6351,902
2000.01.30,0:00,0.6388,0.6415,0.6283,0.6387,818
2000.02.06,0:00,0.6379,0.6435,0.6261,0.632,679
2000.02.13,0:00,0.6316,0.636,0.6236,0.6295,556
2000.02.20,0:00,0.6286,0.63,0.613,0.6151,599
2000.02.27,0:00,0.6165,0.6195,0.6023,0.6085,669
2000.03.05,0:00,0.6082,0.617,0.6005,0.6149,510
2000.03.12,0:00,0.6125,0.6199,0.6048,0.607,580
2000.03.19,0:00,0.6067,0.6116,0.6015,0.608,400
2000.03.26,0:00,0.6105,0.617,0.6019,0.608,615
2000.04.02,0:00,0.6067,0.6105,0.5958,0.599,561
2000.04.09,0:00,0.5969,0.6008,0.5935,0.598,456
2000.04.16,0:00,0.6026,0.6046,0.5885,0.595,536
2000.04.23,0:00,0.592,0.5975,0.5825,0.5838,496
2000.04.30,0:00,0.5848,0.598,0.5785,0.5965,598
2000.05.07,0:00,0.5959,0.5975,0.5745,0.58,744
2000.05.14,0:00,0.5821,0.5828,0.5645,0.5742,741
2000.05.21,0:00,0.572,0.5786,0.5664,0.575,616
2000.05.28,0:00,0.574,0.5829,0.5686,0.5802,678
2000.06.04,0:00,0.5815,0.5941,0.5775,0.5875,677
2000.06.11,0:00,0.586,0.6096,0.5855,0.6063,658
2000.06.18,0:00,0.6055,0.6078,0.5935,0.595,545
2000.06.25,0:00,0.5943,0.6054,0.5913,0.5953,509
2000.07.02,0:00,0.5971,0.6021,0.586,0.5926,484
2000.07.09,0:00,0.5912,0.5961,0.582,0.5844,529
2000.07.16,0:00,0.5839,0.5897,0.5745,0.5867,605
2000.07.23,0:00,0.585,0.594,0.5823,0.5882,620
2000.07.30,0:00,0.587,0.5878,0.5756,0.5866,629
2000.08.06,0:00,0.5864,0.5895,0.5763,0.5788,511
2000.08.13,0:00,0.579,0.595,0.5768,0.5905,509
2000.08.20,0:00,0.5907,0.5918,0.5665,0.5745,637
2000.08.27,0:00,0.573,0.5797,0.568,0.5771,621
2000.09.03,0:00,0.5763,0.5788,0.5525,0.5555,672
2000.09.10,0:00,0.5564,0.563,0.544,0.5447,605
2000.09.17,0:00,0.5452,0.5605,0.536,0.5445,807
2000.09.24,0:00,0.549,0.5525,0.5384,0.543,635
2000.10.01,0:00,0.5427,0.5485,0.5285,0.5337,625
2000.10.08,0:00,0.5337,0.538,0.5263,0.5275,539
2000.10.15,0:00,0.5281,0.5305,0.5153,0.5298,641
2000.10.22,0:00,0.5314,0.5325,0.5144,0.5237,714
2000.10.29,0:00,0.5224,0.5345,0.5115,0.5265,1026
2000.11.05,0:00,0.527,0.5331,0.518,0.5196,609
2000.11.12,0:00,0.5191,0.5245,0.5175,0.519,434
2000.11.19,0:00,0.5187,0.5291,0.5067,0.5237,776
2000.11.26,0:00,0.521,0.5402,0.5186,0.5377,684
2000.12.03,0:00,0.537,0.552,0.5366,0.5484,614
2000.12.10,0:00,0.5442,0.5483,0.537,0.5457,517
2000.12.17,0:00,0.5436,0.5584,0.5396,0.5567,535
2000.12.24,0:00,0.5565,0.5602,0.5515,0.559,456
2000.12.31,0:00,0.5584,0.573,0.5543,0.5715,528
2001.01.07,0:00,0.5712,0.5727,0.552,0.5568,721
2001.01.14,0:00,0.5566,0.5631,0.549,0.5565,647
2001.01.21,0:00,0.5552,0.5584,0.541,0.5448,642
2001.01.28,0:00,0.543,0.5572,0.5405,0.5533,583
2001.02.04,0:00,0.5503,0.5539,0.532,0.5367,599
2001.02.11,0:00,0.5374,0.5404,0.5228,0.529,512
2001.02.18,0:00,0.5293,0.5316,0.5203,0.5273,591
2001.02.25,0:00,0.5264,0.5308,0.5207,0.5305,457
2001.03.04,0:00,0.5288,0.5298,0.5061,0.5091,671
2001.03.11,0:00,0.5087,0.5119,0.49,0.4943,576
2001.03.18,0:00,0.4948,0.5048,0.489,0.4964,657
2001.03.25,0:00,0.4941,0.5021,0.4847,0.486,700
2001.04.01,0:00,0.4858,0.4996,0.4773,0.4988,703
2001.04.08,0:00,0.4991,0.5109,0.4904,0.508,451
2001.04.15,0:00,0.5074,0.5197,0.4922,0.5152,883
2001.04.22,0:00,0.5135,0.5202,0.501,0.5098,830
2001.04.29,0:00,0.508,0.5243,0.5061,0.5195,607
2001.05.06,0:00,0.5196,0.5273,0.5146,0.522,536
2001.05.13,0:00,0.5207,0.5305,0.515,0.5302,556
2001.05.20,0:00,0.5293,0.5323,0.508,0.5207,646
2001.05.27,0:00,0.5199,0.5221,0.5027,0.5088,619
2001.06.03,0:00,0.5081,0.526,0.5042,0.526,577
2001.06.10,0:00,0.5246,0.5303,0.5199,0.5248,567
2001.06.17,0:00,0.5236,0.5278,0.5145,0.5161,515
2001.06.24,0:00,0.5168,0.523,0.5043,0.511,539
2001.07.01,0:00,0.5108,0.5204,0.5036,0.5093,566
2001.07.08,0:00,0.5084,0.5139,0.5009,0.5083,557
2001.07.15,0:00,0.5104,0.5192,0.5038,0.506,553
2001.07.22,0:00,0.5059,0.5124,0.5035,0.5087,421
2001.07.29,0:00,0.5081,0.5217,0.5018,0.5168,457
2001.08.05,0:00,0.5164,0.5208,0.5086,0.5129,21780
2001.08.12,0:00,0.5134,0.5383,0.5129,0.5357,22539
2001.08.19,0:00,0.5365,0.5399,0.5283,0.5346,19758
2001.08.26,0:00,0.534,0.5356,0.5247,0.5294,16823
2001.09.02,0:00,0.5284,0.5291,0.5157,0.5195,16876
2001.09.09,0:00,0.5184,0.5242,0.511,0.515,16750
2001.09.16,0:00,0.5167,0.5172,0.4815,0.4849,19121
2001.09.23,0:00,0.4859,0.4984,0.4815,0.4913,18555
2001.09.30,0:00,0.4926,0.5086,0.4895,0.5069,16930
2001.10.07,0:00,0.5078,0.5089,0.4961,0.5058,18449
2001.10.14,0:00,0.5115,0.5177,0.5048,0.5092,18542
2001.10.21,0:00,0.5089,0.5115,0.5004,0.5024,14111
2001.10.28,0:00,0.5014,0.5135,0.4996,0.5088,16755
2001.11.04,0:00,0.5076,0.5181,0.5057,0.5149,15525
2001.11.11,0:00,0.5189,0.5254,0.5151,0.5222,17991
2001.11.18,0:00,0.5232,0.5239,0.5142,0.518,16899
2001.11.25,0:00,0.5177,0.5245,0.516,0.5218,15742
2001.12.02,0:00,0.5207,0.5227,0.5124,0.5181,13865
2001.12.09,0:00,0.5148,0.5217,0.5132,0.5178,11930
2001.12.16,0:00,0.5193,0.5202,0.5037,0.5087,14879
2001.12.23,0:00,0.5094,0.5124,0.5053,0.5106,7315
2001.12.30,0:00,0.5113,0.5219,0.508,0.521,10368
2002.01.06,0:00,0.5204,0.5278,0.5168,0.52,15422
2002.01.13,0:00,0.5185,0.5204,0.5114,0.5143,2658
2002.01.20,0:00,0.5147,0.5224,0.5138,0.5167,10236
2002.01.27,0:00,0.5166,0.5182,0.5048,0.5094,12528
2002.02.03,0:00,0.5091,0.5131,0.5051,0.5113,9787
2002.02.10,0:00,0.511,0.5193,0.5066,0.5171,9653
2002.02.17,0:00,0.5172,0.52,0.5111,0.5127,10444
2002.02.24,0:00,0.5134,0.5208,0.511,0.5194,13466
2002.03.03,0:00,0.5208,0.5272,0.5181,0.5231,12784
2002.03.10,0:00,0.5218,0.5266,0.518,0.5259,9770
2002.03.17,0:00,0.5259,0.5341,0.5211,0.5307,13117
2002.03.24,0:00,0.5306,0.5362,0.5262,0.5333,12010
2002.03.31,0:00,0.5332,0.5366,0.5282,0.5306,12442
2002.04.07,0:00,0.5291,0.5373,0.5253,0.5343,12435
2002.04.14,0:00,0.5338,0.5419,0.5297,0.5404,28051
2002.04.21,0:00,0.5397,0.5463,0.5368,0.5437,29245
2002.04.28,0:00,0.5438,0.5455,0.5337,0.5394,34476
2002.05.05,0:00,0.5408,0.5459,0.5375,0.545,27207
2002.05.12,0:00,0.5439,0.5538,0.5432,0.5526,34556
2002.05.19,0:00,0.5526,0.5618,0.5503,0.5565,39676
2002.05.26,0:00,0.5558,0.5704,0.555,0.5674,26953
2002.06.02,0:00,0.5675,0.5783,0.5663,0.5734,27090
2002.06.09,0:00,0.5713,0.5728,0.5572,0.5604,47282
2002.06.16,0:00,0.5608,0.5755,0.5551,0.5749,46202
2002.06.23,0:00,0.5743,0.5804,0.558,0.5636,61990
2002.06.30,0:00,0.563,0.565,0.5535,0.5575,47670
2002.07.07,0:00,0.5571,0.5717,0.5548,0.5588,51011
2002.07.14,0:00,0.5597,0.5652,0.5493,0.5565,49000
2002.07.21,0:00,0.557,0.5574,0.5343,0.5363,59518
2002.07.28,0:00,0.536,0.5487,0.535,0.5393,51872
2002.08.04,0:00,0.5388,0.5401,0.5228,0.5359,64211
2002.08.11,0:00,0.5356,0.5475,0.5336,0.5462,48794
2002.08.18,0:00,0.5457,0.5475,0.5385,0.5432,44991
2002.08.25,0:00,0.5437,0.5551,0.5421,0.5508,14978
2002.09.01,0:00,0.5501,0.5531,0.5393,0.5474,49257
2002.09.08,0:00,0.5476,0.5542,0.5448,0.5502,51748
2002.09.15,0:00,0.5499,0.5528,0.5433,0.5462,53576
2002.09.22,0:00,0.5458,0.5487,0.5412,0.5438,53436
2002.09.29,0:00,0.5435,0.5482,0.5399,0.5464,16746
2002.10.06,0:00,0.5464,0.5512,0.5456,0.5496,18030
2002.10.13,0:00,0.5477,0.5534,0.5448,0.5502,17790
2002.10.20,0:00,0.5502,0.5571,0.5491,0.5557,18941
2002.10.27,0:00,0.5559,0.56,0.5511,0.5594,16303
2002.11.03,0:00,0.5597,0.5681,0.5593,0.5646,17785
2002.11.10,0:00,0.5637,0.5663,0.5579,0.5637,17231
2002.11.17,0:00,0.5636,0.5653,0.5564,0.5637,20222
2002.11.24,0:00,0.5646,0.5651,0.5544,0.5608,16424
2002.12.01,0:00,0.5608,0.5628,0.5561,0.5611,17835
2002.12.08,0:00,0.5631,0.5688,0.5583,0.5651,19037
2002.12.15,0:00,0.565,0.5696,0.5597,0.5626,18185
2002.12.22,0:00,0.5638,0.5652,0.5601,0.5612,11883
2002.12.29,0:00,0.5619,0.5682,0.5596,0.5677,13166
2003.01.05,0:00,0.5672,0.5845,0.5669,0.5833,20562
2003.01.12,0:00,0.5827,0.5933,0.5806,0.592,18957
2003.01.19,0:00,0.5911,0.5939,0.5844,0.5921,12265
2003.01.26,0:00,0.5915,0.5947,0.5854,0.5872,12360
2003.02.02,0:00,0.586,0.5938,0.5824,0.5899,11480
2003.02.09,0:00,0.5903,0.5975,0.5866,0.5922,16876
2003.02.16,0:00,0.5912,0.6,0.5882,0.5976,17191
2003.02.23,0:00,0.5975,0.6094,0.5957,0.6089,18702
2003.03.02,0:00,0.6079,0.6185,0.6058,0.6133,21296
2003.03.09,0:00,0.6128,0.6171,0.5892,0.5978,23778
2003.03.16,0:00,0.5981,0.6029,0.5879,0.5911,21762
2003.03.23,0:00,0.5927,0.6022,0.592,0.6002,18813
2003.03.30,0:00,0.6,0.6067,0.5953,0.6009,20433
2003.04.06,0:00,0.5997,0.6082,0.5926,0.6057,19644
2003.04.13,0:00,0.6049,0.6172,0.6013,0.6146,16094
2003.04.20,0:00,0.6145,0.6234,0.6125,0.6166,18488
2003.04.27,0:00,0.616,0.6346,0.6146,0.6318,19278
2003.05.04,0:00,0.6301,0.6475,0.6292,0.6467,20251
2003.05.11,0:00,0.6463,0.6539,0.6372,0.6533,20175
2003.05.18,0:00,0.6583,0.6619,0.6522,0.6603,21071
2003.05.25,0:00,0.6596,0.6628,0.6428,0.6527,23786
2003.06.01,0:00,0.6502,0.6712,0.648,0.6584,25299
2003.06.08,0:00,0.6591,0.6691,0.654,0.6686,20820
2003.06.15,0:00,0.6684,0.6741,0.6647,0.6685,22364
2003.06.22,0:00,0.6677,0.6733,0.661,0.6679,22473
2003.06.29,0:00,0.6662,0.6842,0.6653,0.6786,20386
2003.07.06,0:00,0.6791,0.685,0.6486,0.6598,32524
2003.07.13,0:00,0.6572,0.6618,0.644,0.6482,27619
2003.07.20,0:00,0.647,0.6669,0.6458,0.6634,26559
2003.07.27,0:00,0.6624,0.6681,0.6445,0.6516,27869
2003.08.03,0:00,0.6524,0.6542,0.6409,0.6524,27767
2003.08.10,0:00,0.6529,0.6616,0.6503,0.6603,42376
2003.08.17,0:00,0.6606,0.6626,0.647,0.6525,47633
2003.08.24,0:00,0.6513,0.6539,0.6353,0.6472,42787
2003.08.31,0:00,0.6471,0.6488,0.6339,0.6488,14284
2003.09.07,0:00,0.649,0.665,0.6448,0.6634,11878
2003.09.14,0:00,0.6637,0.6739,0.6586,0.6727,12954
2003.09.21,0:00,0.6776,0.6839,0.6734,0.6738,15398
2003.09.28,0:00,0.6758,0.6882,0.6681,0.6791,19701
2003.10.05,0:00,0.6788,0.696,0.6759,0.6916,18472
2003.10.12,0:00,0.6927,0.6945,0.6824,0.6926,20056
2003.10.19,0:00,0.6939,0.7077,0.6891,0.6992,17096
2003.10.26,0:00,0.6994,0.711,0.6991,0.7084,18032
2003.11.02,0:00,0.7075,0.7127,0.6942,0.7097,22243
2003.11.09,0:00,0.7104,0.7227,0.7095,0.7208,16201
2003.11.16,0:00,0.7205,0.7269,0.7093,0.7238,18057
2003.11.23,0:00,0.7227,0.726,0.7154,0.7244,12323
2003.11.30,0:00,0.7243,0.7387,0.7231,0.7368,15265
2003.12.07,0:00,0.7365,0.7438,0.7331,0.7419,16065
2003.12.14,0:00,0.7369,0.7458,0.7345,0.736,17280
2003.12.21,0:00,0.7365,0.7448,0.7311,0.7409,11681
2003.12.28,0:00,0.7414,0.7594,0.7406,0.7581,10104
2004.01.04,0:00,0.7594,0.7786,0.7589,0.7768,19565
2004.01.11,0:00,0.7773,0.7816,0.761,0.7637,22156
2004.01.18,0:00,0.7632,0.7799,0.7529,0.7712,24044
2004.01.25,0:00,0.7715,0.7816,0.7542,0.7642,39406
2004.02.01,0:00,0.7643,0.7714,0.7557,0.771,29881
2004.02.08,0:00,0.7663,0.795,0.7651,0.7898,23975
2004.02.15,0:00,0.7895,0.8008,0.7641,0.7711,26841
2004.02.22,0:00,0.7701,0.782,0.7651,0.7737,27082
2004.02.29,0:00,0.7728,0.7776,0.7401,0.7594,26632
2004.03.07,0:00,0.7585,0.7661,0.7252,0.7335,29941
2004.03.14,0:00,0.7306,0.7552,0.7289,0.7491,23449
2004.03.21,0:00,0.7478,0.7561,0.737,0.747,23025
2004.03.28,0:00,0.7458,0.7694,0.7433,0.7571,19870
2004.04.04,0:00,0.756,0.7697,0.751,0.7634,17466
2004.04.11,0:00,0.7627,0.7692,0.7296,0.744,21749
2004.04.18,0:00,0.7458,0.7516,0.7232,0.7339,22602
2004.04.25,0:00,0.7298,0.7371,0.7122,0.7208,21680
2004.05.02,0:00,0.7228,0.7345,0.7016,0.7035,20562
2004.05.09,0:00,0.7021,0.7047,0.6828,0.6915,26194
2004.05.16,0:00,0.692,0.7038,0.6794,0.6979,22698
2004.05.23,0:00,0.6992,0.7205,0.6944,0.7146,22080
2004.05.30,0:00,0.7145,0.7178,0.6845,0.6959,24980
2004.06.06,0:00,0.6985,0.708,0.6861,0.6916,18461
2004.06.13,0:00,0.692,0.6996,0.6773,0.6889,24859
2004.06.20,0:00,0.6907,0.703,0.6843,0.7006,21496
2004.06.27,0:00,0.6997,0.7142,0.6876,0.7133,34012
2004.07.04,0:00,0.7127,0.7246,0.7114,0.7221,32072
2004.07.11,0:00,0.7229,0.7328,0.7194,0.7325,29698
2004.07.18,0:00,0.732,0.7351,0.7073,0.7096,35999
2004.07.25,0:00,0.7088,0.7145,0.6928,0.7027,39689
2004.08.01,0:00,0.7037,0.7162,0.6989,0.7138,28632
2004.08.08,0:00,0.7138,0.7189,0.7057,0.7169,24859
2004.08.15,0:00,0.7169,0.7266,0.7128,0.7238,27904
2004.08.22,0:00,0.7232,0.7238,0.7001,0.7027,29948
2004.08.29,0:00,0.7018,0.7079,0.6887,0.6914,21342
2004.09.05,0:00,0.6916,0.6997,0.6852,0.6955,22044
2004.09.12,0:00,0.6966,0.705,0.6932,0.6981,22363
2004.09.19,0:00,0.6983,0.7172,0.6973,0.7146,22106
2004.09.26,0:00,0.7139,0.729,0.71,0.7259,24898
2004.10.03,0:00,0.7239,0.737,0.7184,0.7349,21312
2004.10.10,0:00,0.7378,0.7385,0.7213,0.7313,19960
2004.10.17,0:00,0.7309,0.7409,0.7221,0.74,19786
2004.10.24,0:00,0.7423,0.7512,0.7367,0.7485,24036
2004.10.31,0:00,0.7495,0.7637,0.7432,0.7629,23129
2004.11.07,0:00,0.7635,0.7705,0.755,0.7692,24257
2004.11.14,0:00,0.7691,0.7866,0.7685,0.7838,26988
2004.11.21,0:00,0.7852,0.795,0.7771,0.7907,26050
2004.11.28,0:00,0.7902,0.7905,0.7694,0.7818,42589
2004.12.05,0:00,0.7803,0.7827,0.7441,0.7513,41078
2004.12.12,0:00,0.7489,0.7672,0.7486,0.7623,37753
2004.12.19,0:00,0.765,0.7715,0.7612,0.769,24161
2004.12.26,0:00,0.7692,0.7848,0.7681,0.783,20479
2005.01.02,0:00,0.7824,0.784,0.7539,0.7574,33060
2005.01.09,0:00,0.7575,0.7698,0.7548,0.7589,28660
2005.01.16,0:00,0.7585,0.7716,0.7504,0.7694,26058
2005.01.23,0:00,0.7702,0.7806,0.7627,0.7749,22869
2005.01.30,0:00,0.7738,0.7792,0.767,0.7704,22769
2005.02.06,0:00,0.7675,0.7866,0.7609,0.7862,24313
2005.02.13,0:00,0.786,0.79,0.7785,0.7885,21517
2005.02.20,0:00,0.7894,0.796,0.7806,0.7866,22618
2005.02.27,0:00,0.7867,0.7948,0.777,0.7908,27183
2005.03.06,0:00,0.7897,0.7992,0.7869,0.7931,38182
2005.03.13,0:00,0.793,0.7959,0.786,0.795,21553
2005.03.20,0:00,0.7937,0.7944,0.7696,0.7715,20542
2005.03.27,0:00,0.7722,0.7779,0.7668,0.7711,32685
2005.04.03,0:00,0.7688,0.7739,0.7625,0.7718,30707
2005.04.10,0:00,0.7717,0.7806,0.765,0.768,25186
2005.04.17,0:00,0.7687,0.7835,0.7634,0.7813,25700
2005.04.24,0:00,0.7817,0.7844,0.7741,0.7813,19034
2005.05.01,0:00,0.7803,0.783,0.772,0.7754,18208
2005.05.08,0:00,0.7736,0.7795,0.7601,0.7614,21442
2005.05.15,0:00,0.7616,0.7622,0.7529,0.7561,19034
2005.05.22,0:00,0.7548,0.7651,0.7545,0.7632,17328
2005.05.29,0:00,0.7618,0.7636,0.7473,0.7565,20621
2005.06.05,0:00,0.7556,0.7708,0.7551,0.7613,19339
2005.06.12,0:00,0.7622,0.7785,0.7589,0.778,21578
2005.06.19,0:00,0.7756,0.7813,0.7665,0.7695,19779
2005.06.26,0:00,0.7697,0.7705,0.7495,0.7519,21420
2005.07.03,0:00,0.7509,0.7522,0.7365,0.7419,22870
2005.07.10,0:00,0.7422,0.7578,0.7418,0.7492,19269
2005.07.17,0:00,0.7485,0.769,0.7473,0.7634,20448
2005.07.24,0:00,0.7622,0.765,0.7528,0.7566,19127
2005.07.31,0:00,0.7559,0.7743,0.7549,0.7682,19501
2005.08.07,0:00,0.768,0.7753,0.7584,0.7717,18699
2005.08.14,0:00,0.773,0.7742,0.7495,0.7512,17508
2005.08.21,0:00,0.7514,0.7612,0.7509,0.7558,15219
2005.08.28,0:00,0.7549,0.7664,0.7456,0.7649,18351
2005.09.04,0:00,0.7638,0.7755,0.7634,0.775,15630
2005.09.11,0:00,0.7746,0.7761,0.764,0.7675,18153
2005.09.18,0:00,0.7658,0.7729,0.7568,0.7569,18844
2005.09.25,0:00,0.7568,0.7641,0.7529,0.7619,17405
2005.10.02,0:00,0.7624,0.7644,0.7551,0.7567,17507
2005.10.09,0:00,0.7564,0.7605,0.746,0.7521,16360
2005.10.16,0:00,0.754,0.7547,0.7437,0.7488,17333
2005.10.23,0:00,0.7486,0.7599,0.7467,0.749,16069
2005.10.30,0:00,0.7488,0.7519,0.7309,0.733,17185
2005.11.06,0:00,0.7318,0.7378,0.7284,0.7326,16335
2005.11.13,0:00,0.7321,0.7352,0.7261,0.7329,60998
2005.11.20,0:00,0.733,0.7404,0.7319,0.7356,44001
2005.11.27,0:00,0.7337,0.749,0.7322,0.7479,47642
2005.12.04,0:00,0.7464,0.7542,0.7442,0.7503,39596
2005.12.11,0:00,0.7487,0.7579,0.7418,0.7435,39339
2005.12.18,0:00,0.7443,0.7469,0.7268,0.7288,34331
2005.12.25,0:00,0.7286,0.7344,0.7231,0.7326,31702
2006.01.01,0:00,0.7329,0.7552,0.7315,0.7539,28859
2006.01.08,0:00,0.7541,0.7567,0.748,0.755,34092
2006.01.15,0:00,0.7534,0.7577,0.7443,0.7478,33639
2006.01.22,0:00,0.7474,0.7559,0.7474,0.7492,33994
2006.01.29,0:00,0.7501,0.7588,0.7475,0.7487,21324
2006.02.05,0:00,0.7488,0.7492,0.7366,0.7375,27579
2006.02.12,0:00,0.7366,0.7443,0.7347,0.7393,27640
2006.02.19,0:00,0.7391,0.7422,0.7343,0.7393,26184
2006.02.26,0:00,0.7395,0.7486,0.7361,0.745,27748
2006.03.05,0:00,0.7441,0.7482,0.7303,0.7318,29383
2006.03.12,0:00,0.7308,0.741,0.7265,0.7272,32186
2006.03.19,0:00,0.7275,0.7276,0.706,0.7085,31362
2006.03.26,0:00,0.7077,0.7173,0.7015,0.7162,27107
2006.04.02,0:00,0.7154,0.7342,0.7115,0.7261,26929
2006.04.09,0:00,0.726,0.7343,0.7237,0.7277,24520
2006.04.16,0:00,0.7278,0.7483,0.727,0.744,24662
2006.04.23,0:00,0.7468,0.7605,0.7419,0.7593,29305
2006.04.30,0:00,0.7588,0.7742,0.7552,0.772,26069
2006.05.07,0:00,0.7727,0.7791,0.7632,0.7728,45055
2006.05.14,0:00,0.7741,0.7747,0.7525,0.7581,43834
2006.05.21,0:00,0.7559,0.762,0.7466,0.7573,43106
2006.05.28,0:00,0.762,0.765,0.744,0.752,36536
2006.06.04,0:00,0.7508,0.7543,0.7391,0.7482,43644
2006.06.11,0:00,0.7484,0.7496,0.7343,0.7383,41155
2006.06.18,0:00,0.7376,0.742,0.7304,0.7316,42620
2006.06.25,0:00,0.7311,0.7451,0.7268,0.7421,41439
2006.07.02,0:00,0.7429,0.7528,0.7399,0.7512,37019
2006.07.09,0:00,0.7513,0.7565,0.7459,0.753,43889
2006.07.16,0:00,0.7531,0.7542,0.7404,0.7521,41380
2006.07.23,0:00,0.7523,0.7673,0.7501,0.7673,35048
2006.07.30,0:00,0.7668,0.768,0.7584,0.7655,46063
2006.08.06,0:00,0.7665,0.7712,0.7563,0.7661,43788
2006.08.13,0:00,0.7658,0.7699,0.7562,0.7592,41544
2006.08.20,0:00,0.7594,0.7668,0.7549,0.7571,39316
2006.08.27,0:00,0.7573,0.767,0.7562,0.7669,37647
2006.09.03,0:00,0.7668,0.772,0.7529,0.7539,41916
2006.09.10,0:00,0.7531,0.7569,0.7483,0.7529,39678
2006.09.17,0:00,0.7519,0.7578,0.7492,0.7498,40786
2006.09.24,0:00,0.7508,0.7555,0.7434,0.7457,40052
2006.10.01,0:00,0.7451,0.7494,0.7414,0.7426,30016
2006.10.08,0:00,0.7429,0.753,0.7415,0.7509,24637
2006.10.15,0:00,0.7507,0.7603,0.7492,0.7586,24339
2006.10.22,0:00,0.7585,0.7695,0.7558,0.768,24501
2006.10.29,0:00,0.7682,0.7766,0.7671,0.7699,27501
2006.11.05,0:00,0.7695,0.7761,0.7644,0.7668,23068
2006.11.12,0:00,0.7667,0.7694,0.7613,0.7687,26331
2006.11.19,0:00,0.7689,0.7789,0.7688,0.7786,22986
2006.11.26,0:00,0.7806,0.7926,0.7761,0.7881,22042
2006.12.03,0:00,0.7904,0.7929,0.7835,0.7854,21948
2006.12.10,0:00,0.7848,0.7901,0.777,0.7814,23582
2006.12.17,0:00,0.7801,0.7878,0.778,0.7846,20205
2006.12.24,0:00,0.786,0.7923,0.7806,0.7892,13715
2006.12.31,0:00,0.7854,0.7977,0.7784,0.7788,5932
2007.01.07,0:00,0.7792,0.7839,0.7759,0.7837,12635
2007.01.14,0:00,0.7842,0.7905,0.7811,0.7895,13938
2007.01.21,0:00,0.7887,0.7934,0.7718,0.7732,17690
2007.01.28,0:00,0.774,0.7767,0.7695,0.774,16239
2007.02.04,0:00,0.7741,0.7818,0.7723,0.7766,8327
2007.02.11,0:00,0.7768,0.7879,0.7706,0.787,14940
2007.02.18,0:00,0.7871,0.7921,0.7844,0.792,12136
2007.02.25,0:00,0.7921,0.7945,0.7796,0.7797,19098
2007.03.04,0:00,0.7796,0.7816,0.7679,0.7814,13821
2007.03.11,0:00,0.7815,0.7974,0.7795,0.7954,19950
2007.03.18,0:00,0.7955,0.8089,0.7938,0.805,20472
2007.03.25,0:00,0.8051,0.8124,0.8026,0.8095,17009
2007.04.01,0:00,0.8094,0.8208,0.8063,0.815,16205
2007.04.08,0:00,0.8149,0.8356,0.8149,0.8352,14969
2007.04.15,0:00,0.8351,0.839,0.828,0.8361,15422
2007.04.22,0:00,0.836,0.8367,0.8232,0.827,20239
2007.04.29,0:00,0.8269,0.8328,0.8168,0.8209,17035
2007.05.06,0:00,0.8208,0.835,0.8207,0.8336,16804
2007.05.13,0:00,0.8335,0.8346,0.8201,0.8235,15968
2007.05.20,0:00,0.8234,0.8265,0.8173,0.8183,15000
2007.05.27,0:00,0.8182,0.8329,0.8161,0.8319,14613
2007.06.03,0:00,0.832,0.8474,0.8308,0.8427,21331
2007.06.10,0:00,0.8428,0.8444,0.8331,0.8423,18725
2007.06.17,0:00,0.8424,0.8492,0.8396,0.8481,14103
2007.06.24,0:00,0.848,0.8529,0.8352,0.8495,19920
2007.07.01,0:00,0.8496,0.8607,0.8495,0.8574,14837
2007.07.08,0:00,0.8575,0.8714,0.8562,0.8702,18376
2007.07.15,0:00,0.8701,0.8831,0.8698,0.8803,16298
2007.07.22,0:00,0.8801,0.8869,0.8468,0.8513,30299
2007.07.29,0:00,0.8514,0.8612,0.8444,0.855,33083
2007.08.05,0:00,0.8549,0.866,0.8398,0.8448,27828
2007.08.12,0:00,0.8449,0.8503,0.7673,0.7934,51336
2007.08.19,0:00,0.7933,0.8311,0.7889,0.8306,39974
2007.08.26,0:00,0.8307,0.8333,0.8049,0.8184,33846
2007.09.02,0:00,0.8185,0.8307,0.8179,0.8231,28777
2007.09.09,0:00,0.823,0.8436,0.817,0.8405,29236
2007.09.16,0:00,0.8406,0.8701,0.8272,0.8673,32449
2007.09.23,0:00,0.8672,0.8894,0.8609,0.8893,25870
2007.09.30,0:00,0.8892,0.9019,0.8791,0.9012,31212
2007.10.07,0:00,0.9013,0.9069,0.891,0.904,28184
2007.10.14,0:00,0.9042,0.9076,0.8814,0.8859,41412
2007.10.21,0:00,0.8857,0.9213,0.8749,0.9204,37200
2007.10.28,0:00,0.9205,0.9343,0.9105,0.9189,38129
2007.11.04,0:00,0.9188,0.9398,0.9008,0.9071,44525
2007.11.11,0:00,0.9072,0.9078,0.8751,0.8966,53475
2007.11.18,0:00,0.8967,0.8994,0.865,0.8811,47267
2007.11.25,0:00,0.881,0.8917,0.8669,0.8831,47886
2007.12.02,0:00,0.8832,0.8842,0.8658,0.876,35445
2007.12.09,0:00,0.8758,0.8905,0.8602,0.8626,35034
2007.12.16,0:00,0.8627,0.8695,0.8551,0.8676,28878
2007.12.23,0:00,0.8677,0.879,0.867,0.877,12261
2007.12.30,0:00,0.8771,0.8851,0.8697,0.8726,20440
2008.01.06,0:00,0.8727,0.8973,0.8681,0.8927,36344
2008.01.13,0:00,0.8925,0.9016,0.8699,0.8808,44368
2008.01.20,0:00,0.8807,0.8851,0.851,0.8804,51168
2008.01.27,0:00,0.8803,0.9045,0.8765,0.9024,39977
2008.02.03,0:00,0.9025,0.9098,0.8872,0.8965,38567
2008.02.10,0:00,0.8966,0.9095,0.8921,0.9088,34131
2008.02.17,0:00,0.9089,0.9248,0.9085,0.922,34186
2008.02.24,0:00,0.9222,0.9495,0.9217,0.9314,41362
2008.03.02,0:00,0.9315,0.9419,0.9216,0.9295,49207
2008.03.09,0:00,0.9294,0.947,0.9146,0.9434,44648
2008.03.16,0:00,0.9433,0.9434,0.8951,0.8997,52973
2008.03.23,0:00,0.8998,0.9251,0.8977,0.915,39785
2008.03.30,0:00,0.9151,0.9227,0.9029,0.921,42455
2008.04.06,0:00,0.9211,0.9344,0.9176,0.9243,31005
2008.04.13,0:00,0.9244,0.9398,0.9202,0.9338,34631
2008.04.20,0:00,0.9339,0.9538,0.9289,0.935,41361
2008.04.27,0:00,0.9349,0.9471,0.9272,0.934,33757
2008.05.04,0:00,0.9341,0.9504,0.934,0.9398,34124
2008.05.11,0:00,0.9399,0.9568,0.9289,0.9541,35278
2008.05.18,0:00,0.9542,0.9651,0.9508,0.9588,30557
2008.05.25,0:00,0.9589,0.9636,0.951,0.9548,34016
2008.06.01,0:00,0.9547,0.9639,0.9484,0.962,38814
2008.06.08,0:00,0.9619,0.9644,0.9325,0.9384,35606
2008.06.15,0:00,0.9385,0.9564,0.9368,0.9547,25873
2008.06.22,0:00,0.9546,0.9631,0.9491,0.962,27539
2008.06.29,0:00,0.9619,0.9665,0.9509,0.9627,29736
2008.07.06,0:00,0.9626,0.9715,0.9473,0.9673,30574
2008.07.13,0:00,0.9672,0.9848,0.9661,0.972,34379
2008.07.20,0:00,0.9721,0.979,0.9529,0.9536,32823
2008.07.27,0:00,0.9535,0.9592,0.9283,0.9301,32299
2008.08.03,0:00,0.93,0.9344,0.8833,0.8845,38451
2008.08.10,0:00,0.8847,0.895,0.8589,0.8666,48159
2008.08.17,0:00,0.8665,0.881,0.8622,0.8678,40296
2008.08.24,0:00,0.8677,0.8691,0.8491,0.8573,46371
2008.08.31,0:00,0.8574,0.8578,0.8027,0.8282,54555
2008.09.07,0:00,0.8281,0.8351,0.7898,0.8202,67800
2008.09.14,0:00,0.8201,0.84,0.7799,0.8308,81506
2008.09.21,0:00,0.8307,0.8517,0.8237,0.8324,64889
2008.09.28,0:00,0.8321,0.8326,0.7696,0.7738,65597
2008.10.05,0:00,0.7715,0.7718,0.633,0.6477,103972
2008.10.12,0:00,0.6784,0.7236,0.6496,0.6886,78684
2008.10.19,0:00,0.6914,0.7062,0.6056,0.622,74208
2008.10.26,0:00,0.613,0.689,0.6008,0.6675,79284
2008.11.02,0:00,0.6676,0.7013,0.6544,0.6762,65091
2008.11.09,0:00,0.6856,0.6981,0.6339,0.6539,67189
2008.11.16,0:00,0.6365,0.6594,0.6074,0.6298,64941
2008.11.23,0:00,0.6331,0.6615,0.6231,0.6548,56357
2008.11.30,0:00,0.653,0.6537,0.6291,0.6477,54527
2008.12.07,0:00,0.6485,0.6799,0.6455,0.6632,57828
2008.12.14,0:00,0.6631,0.7137,0.6608,0.6832,57170
2008.12.21,0:00,0.6828,0.6892,0.6759,0.6863,16875
2008.12.28,0:00,0.6861,0.7127,0.6835,0.7116,21071
2009.01.04,0:00,0.7115,0.7266,0.6956,0.6991,55789
2009.01.11,0:00,0.699,0.7001,0.6537,0.6763,57752
2009.01.18,0:00,0.6762,0.684,0.6417,0.6558,55570
2009.01.25,0:00,0.6557,0.673,0.6345,0.6364,49723
2009.02.01,0:00,0.6362,0.6801,0.6247,0.6737,47034
2009.02.08,0:00,0.6736,0.6848,0.643,0.6514,54785
2009.02.15,0:00,0.6512,0.6538,0.6332,0.6447,39241
2009.02.22,0:00,0.6446,0.6553,0.6339,0.6391,44848
2009.03.01,0:00,0.6392,0.6525,0.6285,0.6405,44526
2009.03.08,0:00,0.6406,0.6602,0.6305,0.6552,34753
2009.03.15,0:00,0.6553,0.6942,0.6527,0.6907,39752
2009.03.22,0:00,0.6905,0.7093,0.6865,0.6903,36118
2009.03.29,0:00,0.6905,0.7228,0.6769,0.7154,36948
2009.04.05,0:00,0.7153,0.7208,0.7032,0.7193,28146
2009.04.12,0:00,0.7271,0.7323,0.7137,0.7208,30132
2009.04.19,0:00,0.7245,0.7246,0.6952,0.7229,28593
2009.04.26,0:00,0.7219,0.7382,0.6989,0.7303,27010
2009.05.03,0:00,0.7318,0.7706,0.7313,0.7685,28658
2009.05.10,0:00,0.7688,0.7712,0.7465,0.749,29798
2009.05.17,0:00,0.7485,0.7867,0.745,0.783,30120
2009.05.24,0:00,0.7811,0.8014,0.7702,0.8009,27486
2009.05.31,0:00,0.8036,0.8262,0.7893,0.7931,35263
2009.06.07,0:00,0.7953,0.8235,0.7826,0.8122,30020
2009.06.14,0:00,0.809,0.8116,0.785,0.8055,33320
2009.06.21,0:00,0.8047,0.8085,0.7788,0.8074,33866
2009.06.28,0:00,0.8075,0.8154,0.7901,0.797,23698
2009.07.05,0:00,0.7946,0.8036,0.7723,0.7786,33223
2009.07.12,0:00,0.7788,0.807,0.7702,0.8021,40869
2009.07.19,0:00,0.8005,0.822,0.8003,0.8171,38069
2009.07.26,0:00,0.8188,0.8365,0.8125,0.8357,43328
2009.08.02,0:00,0.8355,0.8468,0.8339,0.8372,38243
2009.08.09,0:00,0.8338,0.8476,0.8179,0.8325,41663
2009.08.16,0:00,0.8293,0.8394,0.8154,0.8346,42666
2009.08.23,0:00,0.8362,0.8469,0.8238,0.841,53152
2009.08.30,0:00,0.8413,0.8534,0.8239,0.8505,46860
2009.09.06,0:00,0.8513,0.8674,0.8509,0.8632,47481
2009.09.13,0:00,0.8622,0.8774,0.8543,0.8673,46941
2009.09.20,0:00,0.867,0.8787,0.8589,0.8677,53211
2009.09.27,0:00,0.8663,0.8858,0.8567,0.8654,63577
2009.10.04,0:00,0.8653,0.9088,0.8646,0.9038,62340
2009.10.11,0:00,0.9039,0.9269,0.8982,0.9146,58727
2009.10.18,0:00,0.9147,0.9326,0.9112,0.9205,63594
2009.10.25,0:00,0.9207,0.9275,0.8942,0.8997,61300
2009.11.01,0:00,0.8966,0.9196,0.8905,0.9187,41769
2009.11.08,0:00,0.9229,0.9368,0.9194,0.9328,30179
2009.11.15,0:00,0.9336,0.9404,0.9059,0.9145,34998
2009.11.22,0:00,0.9147,0.9321,0.8945,0.9061,36433
2009.11.29,0:00,0.9125,0.9321,0.9095,0.9145,35692
2009.12.06,0:00,0.9131,0.9194,0.9014,0.9125,35138
2009.12.13,0:00,0.9113,0.9173,0.8809,0.8899,30795
2009.12.20,0:00,0.8797,0.88586,0.8786,0.88257,9985
2009.12.27,0:00,0.88364,0.90094,0.88257,0.8984,100763
2010.01.03,0:00,0.89843,0.92983,0.89369,0.92884,276037
2010.01.10,0:00,0.92877,0.93279,0.91689,0.92065,310435
2010.01.17,0:00,0.92067,0.92774,0.8981,0.90038,320142
2010.01.24,0:00,0.90144,0.90915,0.87901,0.87976,378094
2010.01.31,0:00,0.87979,0.89254,0.85764,0.86728,401441
2010.02.07,0:00,0.8673,0.89188,0.86117,0.88822,342352
2010.02.14,0:00,0.8882,0.90345,0.88468,0.90109,290755
2010.02.21,0:00,0.90108,0.90694,0.87993,0.89595,322429
2010.02.28,0:00,0.89594,0.90914,0.89336,0.90816,310087
2010.03.07,0:00,0.90806,0.91923,0.90537,0.91723,253451
2010.03.14,0:00,0.91718,0.92503,0.90936,0.91503,266783
2010.03.21,0:00,0.91504,0.91965,0.89997,0.9052,276208
2010.03.28,0:00,0.90512,0.9215,0.90314,0.92,245536
2010.04.04,0:00,0.92001,0.93592,0.91636,0.93592,220377
2010.04.11,0:00,0.9382,0.9387,0.92217,0.92402,253820
2010.04.18,0:00,0.9211,0.93362,0.91556,0.92762,304224
2010.04.25,0:00,0.9257,0.93225,0.91339,0.92411,313202
2010.05.02,0:00,0.92343,0.92734,0.87096,0.88776,441383
2010.05.09,0:00,0.90108,0.90766,0.88488,0.88565,423407
2010.05.16,0:00,0.8849,0.88603,0.80708,0.83231,575849
2010.05.23,0:00,0.83159,0.85494,0.80645,0.84719,525242
2010.05.30,0:00,0.84545,0.85204,0.82112,0.82316,436165
2010.06.06,0:00,0.81992,0.85075,0.80806,0.85013,521865
2010.06.13,0:00,0.85296,0.87285,0.8504,0.87179,393787
2010.06.20,0:00,0.88162,0.88575,0.85938,0.87377,387091
2010.06.27,0:00,0.87333,0.87749,0.83141,0.84148,388709
2010.07.04,0:00,0.84173,0.8789,0.83152,0.8774,366093
2010.07.11,0:00,0.87736,0.88691,0.86801,0.86876,378308
2010.07.18,0:00,0.86613,0.89691,0.86315,0.8954,395189
2010.07.25,0:00,0.89559,0.90671,0.89037,0.90424,365700
2010.08.01,0:00,0.90537,0.92199,0.90435,0.91812,311374
2010.08.08,0:00,0.91897,0.92037,0.89123,0.89267,345918
2010.08.15,0:00,0.89297,0.90776,0.88395,0.89373,314731
2010.08.22,0:00,0.88633,0.89969,0.87694,0.89883,310484
2010.08.29,0:00,0.9019,0.91737,0.88588,0.9164,287989
2010.09.05,0:00,0.91528,0.92753,0.90903,0.92634,279691
2010.09.12,0:00,0.92945,0.94666,0.92867,0.93602,348501
2010.09.19,0:00,0.93765,0.96129,0.93598,0.95892,360859
2010.09.26,0:00,0.9609,0.97482,0.95574,0.9726,369003
2010.10.03,0:00,0.97285,0.99154,0.95398,0.98477,358140
2010.10.10,0:00,0.98948,1.00011,0.97649,0.99055,334623
2010.10.17,0:00,0.99264,0.99573,0.96603,0.98254,433642
2010.10.24,0:00,0.98705,0.99721,0.96503,0.98479,425768
2010.10.31,0:00,0.98473,1.0181,0.98128,1.01552,339330
2010.11.07,0:00,1.01517,1.01717,0.98237,0.98457,476739
2010.11.14,0:00,0.98885,0.99178,0.97233,0.98633,406282
2010.11.21,0:00,0.98739,0.99523,0.96109,0.96436,397884
2010.11.28,0:00,0.96812,0.9936,0.95354,0.99292,485947
2010.12.05,0:00,0.98988,0.99633,0.97509,0.98519,412563
2010.12.12,0:00,0.98388,1.00268,0.98294,0.98796,340700
2010.12.19,0:00,0.98859,1.00637,0.98613,1.0045,240568
2010.12.26,0:00,1.00044,1.02749,0.99862,1.02299,219989
2011.01.02,0:00,1.0202,1.02232,0.99059,0.99559,354232
2011.01.09,0:00,0.99264,1.00181,0.98025,0.98858,429700
2011.01.16,0:00,0.99063,1.00751,0.98305,0.98949,384065
2011.01.23,0:00,0.98787,1.00198,0.98622,0.99377,407981
2011.01.30,0:00,0.98903,1.01983,0.98652,1.01359,349713
2011.02.06,0:00,1.01312,1.01874,0.99587,1.002,332327
2011.02.13,0:00,0.99822,1.01562,0.99421,1.01441,301704
2011.02.20,0:00,1.01365,1.01763,0.99652,1.01743,293280
2011.02.27,0:00,1.015,1.02005,1.00735,1.01367,274548
2011.03.06,0:00,1.01458,1.01832,0.99668,1.01359,297930
2011.03.13,0:00,1.01255,1.01263,0.97042,0.99567,457815
2011.03.20,0:00,0.99557,1.02916,0.99507,1.02581,247738
2011.03.27,0:00,1.02363,1.03952,1.02026,1.03844,244275
2011.04.03,0:00,1.03965,1.05812,1.02865,1.0565,259715
2011.04.10,0:00,1.05645,1.0579,1.03879,1.05649,297169
2011.04.17,0:00,1.05601,1.07727,1.04412,1.07338,263144
2011.04.24,0:00,1.07413,1.09756,1.06755,1.09688,223972
2011.05.01,0:00,1.09615,1.101,1.05347,1.06985,364644
2011.05.08,0:00,1.0717,1.08867,1.05187,1.05706,393772
2011.05.15,0:00,1.05755,1.07089,1.05037,1.0658,354557
2011.05.22,0:00,1.06407,1.07164,1.04388,1.0688,400291
2011.05.29,0:00,1.0725,1.0773,1.05865,1.07148,312929
2011.06.05,0:00,1.07185,1.07656,1.05241,1.05351,332486
2011.06.12,0:00,1.05315,1.07135,1.04759,1.06215,343286
2011.06.19,0:00,1.06045,1.06486,1.04533,1.04885,340074
2011.06.26,0:00,1.04805,1.07881,1.03891,1.07679,323802
2011.07.03,0:00,1.07736,1.07862,1.06528,1.07528,286669
2011.07.10,0:00,1.0709,1.07995,1.05233,1.0639,404887
2011.07.17,0:00,1.0627,1.08726,1.05589,1.08498,332868
2011.07.24,0:00,1.08303,1.10784,1.07939,1.09929,306373
2011.07.31,0:00,1.10285,1.10632,1.03738,1.04405,369599
2011.08.07,0:00,1.04247,1.04452,0.99257,1.03535,548463
2011.08.14,0:00,1.03657,1.05998,1.03134,1.04049,382811
2011.08.21,0:00,1.03757,1.05906,1.03611,1.05705,360306
2011.08.28,0:00,1.05847,1.07629,1.05593,1.06423,311030
2011.09.04,0:00,1.06045,1.06595,1.042,1.04696,346023
2011.09.11,0:00,1.043,1.04391,1.01759,1.036,475514
2011.09.18,0:00,1.0301,1.03139,0.96673,0.97775,507036
2011.09.25,0:00,0.98085,0.99836,0.96203,0.96601,510929
2011.10.02,0:00,0.96561,0.98773,0.9386,0.97673,558595
2011.10.09,0:00,0.97528,1.03441,0.97501,1.03386,429013
2011.10.16,0:00,1.03245,1.03767,1.01164,1.03735,467595
2011.10.23,0:00,1.03325,1.07509,1.03136,1.07067,525057
2011.10.30,0:00,1.07066,1.07072,1.02013,1.04072,493127
2011.11.06,0:00,1.04073,1.04249,1.00508,1.02731,478708
2011.11.13,0:00,1.03425,1.03425,0.99628,1.00064,515309
2011.11.20,0:00,0.99944,1.0012,0.96619,0.97095,465758
2011.11.27,0:00,0.98184,1.03291,0.97885,1.02126,549317
2011.12.04,0:00,1.02527,1.03781,1.00466,1.02146,471771
2011.12.11,0:00,1.02077,1.02141,0.98596,0.99805,469555
2011.12.18,0:00,0.99861,1.02172,0.98814,1.01463,348057
2011.12.25,0:00,1.01444,1.02666,1.0043,1.02066,194305
2012.01.01,0:00,1.02201,1.03846,1.01953,1.02265,293847
2012.01.08,0:00,1.01996,1.03758,1.01436,1.0327,355197
2012.01.15,0:00,1.0288,1.04867,1.02525,1.04826,355715
2012.01.22,0:00,1.04765,1.06857,1.04263,1.06547,364039
2012.01.29,0:00,1.06365,1.07921,1.05247,1.07692,377912
2012.02.05,0:00,1.07535,1.08424,1.06381,1.06717,382211
2012.02.12,0:00,1.06898,1.07973,1.06271,1.06985,393936
2012.02.19,0:00,1.0771,1.08142,1.05957,1.06925,340063
2012.02.26,0:00,1.07043,1.08542,1.06487,1.07306,354114
2012.03.04,0:00,1.0739,1.07417,1.05076,1.05739,363751
2012.03.11,0:00,1.05645,1.05956,1.04214,1.05882,334853
2012.03.18,0:00,1.0591,1.06352,1.03347,1.0466,342726
2012.03.25,0:00,1.04651,1.05557,1.0303,1.03342,338380
2012.04.01,0:00,1.0449,1.04637,1.02418,1.03024,310442
2012.04.08,0:00,1.0296,1.04503,1.02243,1.03709,300559
2012.04.15,0:00,1.03712,1.04162,1.03029,1.03781,304942
2012.04.22,0:00,1.03673,1.04723,1.02455,1.04701,278286
2012.04.29,0:00,1.04585,1.04678,1.01684,1.01784,206468
2012.05.06,0:00,1.01525,1.02181,1.00164,1.00176,291784
2012.05.13,0:00,1.0012,1.00328,0.97934,0.98409,319480
2012.05.20,0:00,0.98365,0.99329,0.9688,0.97563,339269
2012.05.27,0:00,0.98145,0.98957,0.95813,0.96952,347139
2012.06.03,0:00,0.96985,1.00007,0.96261,0.99147,380487
2012.06.10,0:00,0.9985,1.00875,0.98488,1.00714,361809
2012.06.17,0:00,1.0114,1.02222,1.00066,1.00623,363951
2012.06.24,0:00,1.00445,1.02562,0.99671,1.02409,327010
2012.07.01,0:00,1.0263,1.03272,1.01779,1.02104,278772
2012.07.08,0:00,1.01967,1.02793,1.00985,1.02247,279393
2012.07.15,0:00,1.02475,1.04421,1.02004,1.03759,268919
2012.07.22,0:00,1.03565,1.0485,1.01751,1.04822,350231
2012.07.29,0:00,1.04733,1.05783,1.04343,1.05666,309693
2012.08.05,0:00,1.05701,1.06113,1.04955,1.05748,247164
2012.08.12,0:00,1.05536,1.05718,1.04091,1.04173,215327
2012.08.19,0:00,1.04321,1.05431,1.03738,1.04025,233990
2012.08.26,0:00,1.04227,1.04241,1.02746,1.03205,193606
2012.09.02,0:00,1.02858,1.03986,1.01655,1.03834,225032
2012.09.09,0:00,1.03698,1.06227,1.03211,1.05489,256600
2012.09.16,0:00,1.0553,1.05567,1.0366,1.04556,256839
2012.09.23,0:00,1.04445,1.04722,1.03267,1.03764,235093
2012.09.30,0:00,1.03628,1.04011,1.01502,1.01555,256610
2012.10.07,0:00,1.01556,1.02918,1.01477,1.02539,224236
2012.10.14,0:00,1.02534,1.04093,1.02005,1.0315,212637
2012.10.21,0:00,1.03171,1.03951,1.02343,1.03636,202152
2012.10.28,0:00,1.03637,1.04174,1.03237,1.03355,157153
2012.11.04,0:00,1.03379,1.04783,1.03311,1.03836,201943
2012.11.11,0:00,1.03972,1.04567,1.02857,1.03386,187986
2012.11.18,0:00,1.035,1.04687,1.03366,1.0459,151307
2012.11.25,0:00,1.04562,1.04879,1.04005,1.04253,167080
2012.12.02,0:00,1.04274,1.05136,1.03914,1.04843,164807
2012.12.09,0:00,1.04867,1.05834,1.04597,1.0564,132797
2012.12.16,0:00,1.05491,1.05713,1.03929,1.04019,141497
2012.12.23,0:00,1.0397,1.04142,1.03432,1.03717,91652
2012.12.30,0:00,1.0367,1.05255,1.03627,1.04792,134292
2013.01.06,0:00,1.04754,1.0597,1.04657,1.05341,164518
2013.01.13,0:00,1.05495,1.05781,1.04839,1.05073,168662
2013.01.20,0:00,1.05055,1.05765,1.04016,1.04229,153209
2013.01.27,0:00,1.04137,1.04746,1.03593,1.04041,167415
2013.02.03,0:00,1.0424,1.04559,1.02539,1.03167,167092
2013.02.10,0:00,1.0311,1.03729,1.02253,1.0303,144676
2013.02.17,0:00,1.02885,1.03656,1.02195,1.03182,161158
2013.02.24,0:00,1.0303,1.03263,1.01803,1.02017,214717
2013.03.03,0:00,1.01991,1.02991,1.01135,1.02318,176584
2013.03.10,0:00,1.02122,1.04121,1.02022,1.04065,164281
2013.03.17,0:00,1.03538,1.04581,1.03424,1.04402,166006
2013.03.24,0:00,1.04404,1.04951,1.03949,1.04173,135811
2013.03.31,0:00,1.04193,1.04954,1.03534,1.03814,145400
2013.04.07,0:00,1.0366,1.05804,1.03465,1.05053,162701
2013.04.14,0:00,1.0504,1.05221,1.02674,1.02756,258852
2013.04.21,0:00,1.02769,1.03375,1.02194,1.02778,185294
2013.04.28,0:00,1.028,1.03825,1.02203,1.0316,148062
2013.05.05,0:00,1.03045,1.03119,0.99594,1.0023,184951
2013.05.12,0:00,1.00003,1.00134,0.97094,0.97294,244120
2013.05.19,0:00,0.97538,0.98402,0.9592,0.96496,286645
2013.05.26,0:00,0.96415,0.96954,0.95263,0.95702,262738
2013.06.02,0:00,0.96128,0.97899,0.94271,0.9495,305590
2013.06.09,0:00,0.94027,0.96641,0.9324,0.95697,325773
2013.06.16,0:00,0.95616,0.96395,0.91616,0.92171,265461
2013.06.23,0:00,0.9207,0.93428,0.91113,0.91366,275356
2013.06.30,0:00,0.91128,0.9251,0.90353,0.90648,247782
2013.07.07,0:00,0.90511,0.93034,0.89967,0.90467,251142
2013.07.14,0:00,0.90689,0.92902,0.90339,0.91723,233791
2013.07.21,0:00,0.91768,0.93158,0.9127,0.92615,229826
2013.07.28,0:00,0.92509,0.92851,0.88695,0.89009,273959
2013.08.04,0:00,0.89182,0.92134,0.88469,0.91951,345800
2013.08.11,0:00,0.91877,0.92199,0.90572,0.91814,343123
2013.08.18,0:00,0.91846,0.9232,0.8931,0.90237,394382
2013.08.25,0:00,0.90338,0.90687,0.88911,0.89007,324590
2013.09.01,0:00,0.89422,0.92155,0.89223,0.91816,286402
2013.09.08,0:00,0.92006,0.9353,0.91661,0.9242,274524
2013.09.15,0:00,0.93281,0.95274,0.92842,0.93945,295627
2013.09.22,0:00,0.93666,0.94558,0.92966,0.93147,225607
2013.09.29,0:00,0.93089,0.94575,0.928,0.94317,226030
2013.10.06,0:00,0.94345,0.94836,0.93871,0.94663,229314
2013.10.13,0:00,0.94245,0.96761,0.94245,0.96752,222586
2013.10.20,0:00,0.96696,0.97562,0.95707,0.95853,246599
2013.10.27,0:00,0.95854,0.96214,0.94206,0.94359,268912
2013.11.03,0:00,0.94538,0.95416,0.93515,0.93828,270878
2013.11.10,0:00,0.93845,0.93892,0.92684,0.93672,241435
2013.11.17,0:00,0.93743,0.94465,0.91423,0.91676,279678
2013.11.24,0:00,0.91622,0.92032,0.90547,0.91051,258126
2013.12.01,0:00,0.91267,0.91672,0.89889,0.91025,325625
2013.12.08,0:00,0.91215,0.91657,0.89083,0.89617,246484
2013.12.15,0:00,0.89591,0.89687,0.88219,0.89184,290776
2013.12.22,0:00,0.89208,0.89571,0.88609,0.88673,134527
2013.12.29,0:00,0.88609,0.90034,0.88323,0.89432,168468
2014.01.05,0:00,0.89569,0.90038,0.88639,0.89936,279577
2014.01.12,0:00,0.89971,0.9085,0.87624,0.87782,279847
2014.01.19,0:00,0.87712,0.88866,0.86593,0.86797,235646
2014.01.26,0:00,0.86911,0.88245,0.86763,0.87526,312408
2014.02.02,0:00,0.87657,0.8997,0.87293,0.89563,263339
2014.02.09,0:00,0.89549,0.90661,0.89058,0.90311,211627
2014.02.16,0:00,0.90603,0.90795,0.89357,0.89734,225060
2014.02.23,0:00,0.89791,0.90479,0.8903,0.89284,225401
2014.03.02,0:00,0.88939,0.91321,0.88895,0.90656,211342
2014.03.09,0:00,0.9051,0.91024,0.89233,0.90248,226885
2014.03.16,0:00,0.90204,0.91374,0.89941,0.90795,194977
2014.03.23,0:00,0.90971,0.92941,0.90474,0.92469,220299
2014.03.30,0:00,0.92376,0.93063,0.92048,0.92894,208580
2014.04.06,0:00,0.92827,0.94601,0.9253,0.93928,188374
2014.04.13,0:00,0.93869,0.94243,0.93201,0.933,164976
2014.04.20,0:00,0.9334,0.93767,0.92512,0.92786,143149
2014.04.27,0:00,0.92738,0.93154,0.9202,0.92742,159929
2014.05.04,0:00,0.92849,0.93931,0.92514,0.93594,173161
2014.05.11,0:00,0.93596,0.94079,0.93265,0.93573,147454
2014.05.18,0:00,0.93716,0.93723,0.92079,0.92286,163534
2014.05.25,0:00,0.92335,0.93281,0.92109,0.93098,132435
2014.06.01,0:00,0.93081,0.93574,0.92287,0.93295,165241
2014.06.08,0:00,0.93339,0.94364,0.93336,0.94007,179742
2014.06.15,0:00,0.93915,0.94305,0.93213,0.93867,174279
2014.06.22,0:00,0.93718,0.94442,0.93533,0.94247,166871
2014.06.29,0:00,0.94188,0.95038,0.93284,0.93615,171260
2014.07.06,0:00,0.93604,0.94546,0.93404,0.93872,150044
2014.07.13,0:00,0.93757,0.94086,0.93285,0.93902,173693
2014.07.20,0:00,0.93881,0.947,0.93598,0.9393,168159
2014.07.27,0:00,0.93934,0.94153,0.92745,0.9308,189081
2014.08.03,0:00,0.93081,0.93721,0.92381,0.92704,139377
2014.08.10,0:00,0.92735,0.93332,0.92464,0.93142,226539
2014.08.17,0:00,0.93121,0.93442,0.92378,0.93096,243326
2014.08.24,0:00,0.93062,0.93728,0.92704,0.93325,214393
2014.08.31,0:00,0.93237,0.94007,0.92617,0.93757,236918
2014.09.07,0:00,0.93575,0.93731,0.90293,0.90352,313716
2014.09.14,0:00,0.90071,0.91112,0.89196,0.89248,281959
2014.09.21,0:00,0.89279,0.89485,0.87466,0.87608,246576
2014.09.28,0:00,0.87463,0.88255,0.86414,0.86738,292661
2014.10.05,0:00,0.86718,0.88974,0.86512,0.86851,381929
2014.10.12,0:00,0.86858,0.88589,0.86506,0.8747,340953
2014.10.19,0:00,0.87528,0.88316,0.87178,0.87969,375470
2014.10.26,0:00,0.88014,0.89101,0.87542,0.87961,415866
2014.11.02,0:00,0.87496,0.87609,0.85398,0.86301,459880
2014.11.09,0:00,0.86433,0.8771,0.85896,0.87432,421729
2014.11.16,0:00,0.87751,0.87948,0.85652,0.86667,463904
2014.11.23,0:00,0.86742,0.86996,0.84787,0.85049,407947
2014.11.30,0:00,0.84657,0.85413,0.83138,0.83237,405195
2014.12.07,0:00,0.83017,0.83747,0.82138,0.82422,376144
2014.12.14,0:00,0.82462,0.82734,0.81058,0.81425,362325
2014.12.21,0:00,0.81407,0.8172,0.80869,0.81164,128231
2014.12.28,0:00,0.81219,0.82146,0.80764,0.80904,152758
2015.01.04,0:00,0.80687,0.82074,0.80319,0.82008,363786
2015.01.11,0:00,0.82092,0.82943,0.80671,0.82216,452377
2015.01.18,0:00,0.82155,0.82427,0.78801,0.79051,442116
2015.01.25,0:00,0.78724,0.80243,0.77189,0.77627,439168
2015.02.01,0:00,0.77492,0.78756,0.76252,0.77952,449225
2015.02.08,0:00,0.77603,0.78407,0.76429,0.77512,380284
2015.02.15,0:00,0.77707,0.7848,0.77404,0.78446,360503
2015.02.22,0:00,0.78461,0.79121,0.77385,0.781,375010
2015.03.01,0:00,0.78021,0.78596,0.77031,0.77108,355113
2015.03.08,0:00,0.77106,0.7739,0.75595,0.76262,465705
2015.03.15,0:00,0.76261,0.78466,0.75899,0.77985,481915
2015.03.22,0:00,0.77988,0.79373,0.77442,0.77472,518118
2015.03.29,0:00,0.77336,0.77462,0.75323,0.76285,398482
2015.04.05,0:00,0.76386,0.77378,0.7576,0.76765,404881
2015.04.12,0:00,0.76653,0.78417,0.7552,0.77814,516146
2015.04.19,0:00,0.7826,0.78397,0.7682,0.78198,507667
2015.04.26,0:00,0.78192,0.80748,0.77906,0.7846,552268
2015.05.03,0:00,0.78294,0.80296,0.77866,0.79334,499369
2015.05.10,0:00,0.7925,0.81625,0.78754,0.80365,474785
2015.05.17,0:00,0.80397,0.80504,0.78097,0.78294,237424
2015.05.24,0:00,0.78224,0.78388,0.76166,0.76425,485147
2015.05.31,0:00,0.76348,0.7818,0.75972,0.76119,540419
2015.06.07,0:00,0.76199,0.7792,0.76024,0.77249,511144
2015.06.14,0:00,0.7751,0.7848,0.76438,0.77682,437762
2015.06.21,0:00,0.77639,0.77955,0.76296,0.76546,403013
2015.06.28,0:00,0.76196,0.77375,0.75066,0.75102,491492
2015.07.05,0:00,0.74741,0.7532,0.73712,0.74347,520858
2015.07.12,0:00,0.74122,0.74878,0.7349,0.73696,509254
2015.07.19,0:00,0.73758,0.74484,0.7259,0.728,525563
2015.07.26,0:00,0.72689,0.73653,0.72334,0.72999,511168
2015.08.02,0:00,0.7318,0.74277,0.72592,0.74175,556821
2015.08.09,0:00,0.74131,0.74387,0.72144,0.73722,582482
2015.08.16,0:00,0.73718,0.73883,0.72839,0.73095,539737
2015.08.23,0:00,0.72913,0.73107,0.70401,0.71656,638916
2015.08.30,0:00,0.71493,0.71618,0.69065,0.69065,528461
2015.09.06,0:00,0.69243,0.70987,0.69108,0.70892,420154
2015.09.13,0:00,0.708,0.72789,0.70621,0.71827,340883
2015.09.20,0:00,0.71805,0.71964,0.69376,0.70243,307327
2015.09.27,0:00,0.70262,0.70838,0.69354,0.7047,303805
2015.10.04,0:00,0.70511,0.73434,0.70415,0.73313,322978
2015.10.11,0:00,0.73149,0.73813,0.71976,0.72658,340150
2015.10.18,0:00,0.72543,0.73063,0.71814,0.72085,301317
2015.10.25,0:00,0.72084,0.72688,0.70667,0.71337,390636
2015.11.01,0:00,0.71119,0.72233,0.70217,0.70391,399450
2015.11.08,0:00,0.70246,0.71583,0.70151,0.71243,381875
2015.11.15,0:00,0.71181,0.72495,0.70679,0.72361,415270
2015.11.22,0:00,0.72234,0.72822,0.71583,0.71896,430361
2015.11.29,0:00,0.71913,0.73844,0.71693,0.73374,534008
2015.12.06,0:00,0.73385,0.73417,0.71712,0.71841,464386
2015.12.13,0:00,0.72019,0.72821,0.70959,0.71709,463500
2015.12.20,0:00,0.71684,0.72796,0.71542,0.72692,227836
2015.12.27,0:00,0.72723,0.73266,0.72441,0.72881,190183
2016.01.03,0:00,0.72827,0.73008,0.69498,0.69508,505455
2016.01.10,0:00,0.69688,0.70477,0.68261,0.68553,574224
2016.01.17,0:00,0.68357,0.7045,0.68272,0.70054,598858
2016.01.24,0:00,0.70014,0.714,0.69178,0.7082,584019
2016.01.31,0:00,0.708,0.72418,0.70019,0.70682,505800
2016.02.07,0:00,0.70673,0.7152,0.69727,0.71017,595853
2016.02.14,0:00,0.71001,0.71862,0.70683,0.71466,392004
2016.02.21,0:00,0.7154,0.72582,0.71173,0.7124,395065
2016.02.28,0:00,0.71208,0.74421,0.71077,0.74345,423614
2016.03.06,0:00,0.74001,0.75825,0.73917,0.75472,438568
2016.03.13,0:00,0.75471,0.76795,0.74137,0.75942,417724
2016.03.20,0:00,0.75942,0.7648,0.74763,0.74986,326960
2016.03.27,0:00,0.75084,0.7722,0.74923,0.76779,369065
2016.04.03,0:00,0.76661,0.76775,0.7491,0.75509,391408
2016.04.10,0:00,0.75419,0.77358,0.75271,0.77231,392442
2016.04.17,0:00,0.76495,0.78336,0.76305,0.7709,363757
2016.04.24,0:00,0.76938,0.77644,0.75475,0.76073,329318
2016.05.01,0:00,0.75944,0.7718,0.73369,0.7364,364035
2016.05.08,0:00,0.73534,0.74015,0.72533,0.72672,320847
2016.05.15,0:00,0.7245,0.73654,0.71754,0.72209,305653
2016.05.22,0:00,0.72172,0.72588,0.71442,0.7182,303906
2016.05.29,0:00,0.71759,0.73675,0.7148,0.73637,308172
2016.06.05,0:00,0.7366,0.75036,0.73145,0.73765,313722
2016.06.12,0:00,0.73751,0.74452,0.72847,0.73911,349667
2016.06.19,0:00,0.74319,0.76444,0.73037,0.74626,341679
2016.06.26,0:00,0.74114,0.7502,0.73223,0.74974,358432
2016.07.03,0:00,0.7447,0.75719,0.74072,0.75653,305893
2016.07.10,0:00,0.75621,0.76753,0.75211,0.75675,304664
2016.07.17,0:00,0.75917,0.76058,0.74419,0.74637,264477
2016.07.24,0:00,0.74594,0.76097,0.74202,0.76018,296368
2016.07.31,0:00,0.759,0.76635,0.74851,0.76162,287103
2016.08.07,0:00,0.76124,0.77552,0.75968,0.7648,269053
2016.08.14,0:00,0.76529,0.77485,0.75983,0.76245,316457
2016.08.21,0:00,0.76002,0.76911,0.75506,0.75597,316208
2016.08.28,0:00,0.75561,0.76152,0.74895,0.75702,316696
2016.09.04,0:00,0.75671,0.77314,0.75367,0.75371,323691
2016.09.11,0:00,0.75382,0.75673,0.74415,0.74914,403596
2016.09.18,0:00,0.74757,0.7674,0.74757,0.76218,337590
2016.09.25,0:00,0.76119,0.77094,0.75891,0.76578,356401
2016.10.02,0:00,0.76544,0.76904,0.75525,0.7586,357020
2016.10.09,0:00,0.76051,0.7647,0.7506,0.7615,363955
2016.10.16,0:00,0.76179,0.77336,0.75805,0.76041,298638
2016.10.23,0:00,0.76038,0.7708,0.75572,0.75966,349994
2016.10.30,0:00,0.75969,0.76962,0.75826,0.76715,385584
2016.11.06,0:00,0.76755,0.77771,0.75244,0.75477,544010
2016.11.13,0:00,0.75401,0.75803,0.73295,0.73337,516971
2016.11.20,0:00,0.73297,0.74672,0.73102,0.74337,445501
2016.11.27,0:00,0.74409,0.74966,0.73692,0.74568,437954
2016.12.04,0:00,0.74478,0.75071,0.74111,0.74487,443208
2016.12.11,0:00,0.74435,0.7524,0.72653,0.72968,462692
2016.12.18,0:00,0.72799,0.7312,0.71592,0.71738,339913
2016.12.25,0:00,0.71923,0.72456,0.71628,0.72,267623
2017.01.01,0:00,0.72069,0.73558,0.71639,0.72969,379535
2017.01.08,0:00,0.72933,0.75175,0.72871,0.74998,441742
2017.01.15,0:00,0.74771,0.75874,0.74572,0.75537,463296
2017.01.22,0:00,0.75515,0.76082,0.75108,0.7545,415140
2017.01.29,0:00,0.75564,0.76953,0.7527,0.76796,382980
2017.02.05,0:00,0.76763,0.76878,0.7605,0.76738,356015
2017.02.12,0:00,0.76748,0.77313,0.76171,0.76678,338395
2017.02.19,0:00,0.76672,0.774,0.76489,0.7668,272544
2017.02.26,0:00,0.76782,0.7707,0.75422,0.75939,304495
2017.03.05,0:00,0.75862,0.7632,0.74904,0.75456,295178
2017.03.12,0:00,0.75459,0.77183,0.75331,0.76816,253219
