Date,Time,Open,Highest,Lowest,Adjust,Volume,Rate_high,Rate_low
1996.02.18,0:00,0.7567,0.7586,0.7494,0.7575,435,0.002510903,-0.009647152
1996.02.25,0:00,0.7566,0.768,0.7553,0.7616,423,0.006342495,-0.001718213
1996.03.03,0:00,0.7634,0.7695,0.7568,0.7689,349,0.003785901,-0.008645533
1996.03.10,0:00,0.7685,0.7768,0.766,0.7733,301,0.001683938,-0.00325309
1996.03.17,0:00,0.7728,0.779,0.772,0.7769,286,0.00634715,-0.001035197
1996.03.24,0:00,0.7755,0.7845,0.772,0.783,405,0.005263834,-0.004513217
1996.03.31,0:00,0.7845,0.788,0.7789,0.7845,387,0.003838772,-0.007138305
1996.04.07,0:00,0.7831,0.7927,0.7815,0.7917,382,0.013830196,-0.002043162
1996.04.14,0:00,0.792,0.7937,0.7809,0.786,375,0.003831418,-0.014015152
1996.04.21,0:00,0.7843,0.792,0.783,0.7905,346,0.007648184,-0.001657529
1996.04.28,0:00,0.7891,0.7982,0.7845,0.7974,362,0.003018868,-0.005829426
1996.05.05,0:00,0.7966,0.805,0.795,0.802,398,0.006273526,-0.002008536
1996.05.12,0:00,0.8012,0.8041,0.797,0.801,443,0.014823261,-0.005242137
1996.05.19,0:00,0.7991,0.801,0.7893,0.7912,467,0.002534212,-0.012263797
1996.05.26,0:00,0.7904,0.8002,0.7892,0.7989,315,0.017966361,-0.001518219
1996.06.02,0:00,0.8,0.8036,0.7848,0.7926,417,0.00775588,-0.019
1996.06.09,0:00,0.7906,0.7955,0.7865,0.7932,378,0.008390542,-0.005185935
1996.06.16,0:00,0.792,0.7933,0.7866,0.7895,348,0.005348275,-0.006818182
1996.06.23,0:00,0.7881,0.7935,0.7853,0.7871,332,0.008456118,-0.003552849
1996.06.30,0:00,0.7872,0.7975,0.7805,0.7956,419,0.005180038,-0.008511179
1996.07.07,0:00,0.7944,0.8003,0.7915,0.7976,386,0.018646232,-0.003650554
1996.07.14,0:00,0.7965,0.798,0.783,0.7918,531,0.00930529,-0.016949153
1996.07.21,0:00,0.791,0.7932,0.7845,0.7868,488,0.023812622,-0.008217446
1996.07.28,0:00,0.7871,0.7895,0.7685,0.7739,615,0.003110823,-0.023631051
1996.08.04,0:00,0.7726,0.7817,0.7715,0.7798,433,0.004508566,-0.001423764
1996.08.11,0:00,0.7786,0.7846,0.7763,0.7832,327,0.000383191,-0.00295402
1996.08.18,0:00,0.7829,0.7938,0.7829,0.7917,456,0.006739573,0
1996.08.25,0:00,0.7908,0.7945,0.7864,0.7902,355,0.00241025,-0.005563986
1996.09.01,0:00,0.7905,0.8009,0.7883,0.8,340,0.012658228,-0.002783049
1996.09.08,0:00,0.799,0.8024,0.79,0.7912,367,0.006615776,-0.01126408
1996.09.15,0:00,0.7917,0.7948,0.786,0.7921,432,0.008916062,-0.007199697
1996.09.22,0:00,0.791,0.7942,0.7851,0.7902,334,0.003173797,-0.007458913
1996.09.29,0:00,0.7907,0.797,0.7877,0.789,405,0.004455761,-0.003794106
1996.10.06,0:00,0.7885,0.7929,0.7855,0.7906,444,0.002790462,-0.003804692
1996.10.13,0:00,0.7906,0.797,0.7884,0.7957,330,0.009131262,-0.002782697
1996.10.20,0:00,0.7951,0.8001,0.7885,0.7905,407,0.003937008,-0.008300843
1996.10.27,0:00,0.7905,0.7948,0.7874,0.789,380,0.009855369,-0.003921569
1996.11.03,0:00,0.7885,0.7935,0.7813,0.7879,556,0.002417303,-0.009131262
1996.11.10,0:00,0.7881,0.7925,0.786,0.7906,365,0.000886188,-0.002664636
1996.11.17,0:00,0.7903,0.8152,0.7899,0.8146,470,0.009667824,-0.000506137
1996.11.24,0:00,0.8128,0.8173,0.8068,0.8166,500,0.040254777,-0.00738189
1996.12.01,0:00,0.817,0.8215,0.785,0.798,983,0.012561858,-0.039167687
1996.12.08,0:00,0.7986,0.8053,0.7881,0.792,537,0.002531646,-0.013148009
1996.12.15,0:00,0.7931,0.7974,0.79,0.7956,354,0.002393852,-0.003908713
1996.12.22,0:00,0.7955,0.8005,0.7937,0.7955,295,0.009133579,-0.002262728
1996.12.29,0:00,0.797,0.799,0.7883,0.7906,369,0.02250388,-0.010915935
1997.01.05,0:00,0.7907,0.7923,0.7732,0.782,659,0.010989011,-0.022132288
1997.01.12,0:00,0.7815,0.7831,0.7735,0.781,512,0.014549234,-0.010236724
1997.01.19,0:00,0.7819,0.7826,0.7698,0.773,467,0.018445323,-0.015475125
1997.01.26,0:00,0.7725,0.7741,0.759,0.7623,558,0.005009888,-0.017475728
1997.02.02,0:00,0.7626,0.7701,0.7585,0.762,645,0.00980652,-0.005376344
1997.02.09,0:00,0.761,0.7735,0.7546,0.765,660,0.002621232,-0.008409987
1997.02.16,0:00,0.7646,0.7798,0.763,0.778,465,0.006207967,-0.002092597
1997.02.23,0:00,0.7761,0.7825,0.7732,0.7791,498,-0.000513149,-0.003736632
1997.03.02,0:00,0.7805,0.7918,0.7795,0.7866,484,0.002293578,-0.00128123
1997.03.09,0:00,0.7868,0.8005,0.7848,0.7985,463,0.02057771,-0.002541942
1997.03.16,0:00,0.7976,0.7995,0.7824,0.787,569,0.009233137,-0.019057172
1997.03.23,0:00,0.7862,0.7911,0.7798,0.784,491,0.011874032,-0.008140422
1997.03.30,0:00,0.7833,0.7903,0.7748,0.776,429,0.003880983,-0.010851526
1997.04.06,0:00,0.7757,0.7899,0.773,0.7848,662,0.021077283,-0.003480727
1997.04.13,0:00,0.7852,0.787,0.7686,0.7732,581,0.000258732,-0.021141111
1997.04.20,0:00,0.7741,0.7805,0.773,0.7762,447,0.004529572,-0.001421005
1997.04.27,0:00,0.7762,0.7867,0.7727,0.783,498,0.012281836,-0.004509147
1997.05.04,0:00,0.7816,0.7839,0.7735,0.7786,505,0.008288008,-0.010363357
1997.05.11,0:00,0.7765,0.7841,0.7722,0.7766,642,0.017557652,-0.005537669
1997.05.18,0:00,0.7754,0.7896,0.7632,0.7666,749,0.010678972,-0.015733815
1997.05.25,0:00,0.7666,0.769,0.7585,0.7604,585,0.006086266,-0.010566136
1997.06.01,0:00,0.76,0.7647,0.7558,0.762,513,0.016,-0.005526316
1997.06.08,0:00,0.7612,0.7635,0.75,0.7511,436,0.00616209,-0.01471361
1997.06.15,0:00,0.7511,0.7548,0.7465,0.7511,496,0.010493744,-0.006124351
1997.06.22,0:00,0.7503,0.7538,0.7433,0.7451,397,0.001343905,-0.009329601
1997.06.29,0:00,0.7454,0.7585,0.7441,0.7488,566,0.013261164,-0.00174403
1997.07.06,0:00,0.748,0.7502,0.739,0.7406,567,0.01285558,-0.012032086
1997.07.13,0:00,0.7394,0.7444,0.7312,0.7425,552,0.014344262,-0.011090073
1997.07.20,0:00,0.742,0.7435,0.732,0.738,535,0.006683945,-0.013477089
1997.07.27,0:00,0.7377,0.7502,0.7331,0.739,737,0.014134761,-0.006235597
1997.08.03,0:00,0.7382,0.7428,0.7287,0.7351,579,0.000136054,-0.012869141
1997.08.10,0:00,0.7353,0.7485,0.735,0.743,498,0.010197145,-0.000407997
1997.08.17,0:00,0.741,0.7515,0.7355,0.749,562,0.024904215,-0.007422402
1997.08.24,0:00,0.7466,0.7505,0.7308,0.7325,576,0.011740331,-0.021162604
1997.08.31,0:00,0.7313,0.7347,0.724,0.7315,563,0.017102336,-0.009982223
1997.09.07,0:00,0.73,0.7333,0.7192,0.7223,470,0.011199776,-0.014794521
1997.09.14,0:00,0.7213,0.724,0.7143,0.718,466,0,-0.0097047
1997.09.21,0:00,0.719,0.7284,0.718,0.7224,448,0.007531381,-0.001390821
1997.09.28,0:00,0.7203,0.7318,0.717,0.7297,543,0.011926224,-0.004581424
1997.10.05,0:00,0.728,0.741,0.7211,0.7401,607,0.011618371,-0.009478022
1997.10.12,0:00,0.7385,0.7431,0.7316,0.7344,515,0.064347826,-0.009343263
1997.10.19,0:00,0.731,0.7328,0.69,0.691,957,0.014684288,-0.056087551
1997.10.26,0:00,0.6865,0.7168,0.681,0.7012,1244,0.013587742,-0.008011653
1997.11.02,0:00,0.7013,0.7179,0.6918,0.6931,823,0.005950653,-0.013546271
1997.11.09,0:00,0.693,0.7027,0.689,0.6976,655,0.018394161,-0.005772006
1997.11.16,0:00,0.6944,0.7055,0.685,0.6943,798,0.027071006,-0.013536866
1997.11.23,0:00,0.695,0.6966,0.676,0.6815,557,0.017923824,-0.027338129
1997.11.30,0:00,0.6811,0.683,0.6695,0.6715,674,0.01665405,-0.017031273
1997.12.07,0:00,0.6705,0.6743,0.6605,0.6615,482,0.024310932,-0.014914243
1997.12.14,0:00,0.6627,0.6644,0.6458,0.6535,904,0.004303058,-0.025501735
1997.12.21,0:00,0.6521,0.661,0.6507,0.6568,317,0.011239415,-0.00214691
1997.12.28,0:00,0.6576,0.6598,0.6495,0.651,386,0.030552477,-0.012317518
1998.01.04,0:00,0.6501,0.6522,0.6317,0.6445,898,0.012568735,-0.028303338
1998.01.11,0:00,0.6414,0.6691,0.6365,0.666,871,0.015553522,-0.007639539
1998.01.18,0:00,0.666,0.6691,0.6558,0.6659,730,-0.002546435,-0.015315315
1998.01.25,0:00,0.6676,0.6885,0.6676,0.683,919,0.02245509,0
1998.02.01,0:00,0.6807,0.6883,0.668,0.6713,753,0.004188482,-0.018657265
1998.02.08,0:00,0.6698,0.684,0.6685,0.6735,691,0.018756618,-0.001940878
1998.02.15,0:00,0.6705,0.6777,0.6611,0.67,631,0.015151515,-0.014019389
1998.02.22,0:00,0.6673,0.6819,0.66,0.6795,615,0.023343373,-0.010939607
1998.03.01,0:00,0.6791,0.685,0.664,0.669,583,0.009049774,-0.022235311
1998.03.08,0:00,0.6684,0.6782,0.663,0.677,459,0.029188203,-0.008078995
1998.03.15,0:00,0.6762,0.6767,0.6578,0.6655,608,0.005742784,-0.027210884
1998.03.22,0:00,0.6642,0.6781,0.6617,0.6718,543,0.029578544,-0.003763927
1998.03.29,0:00,0.6699,0.6713,0.6525,0.6565,631,0.006130268,-0.025974026
1998.04.05,0:00,0.6563,0.6632,0.6525,0.6566,570,0.017984496,-0.005790035
1998.04.12,0:00,0.6567,0.6582,0.645,0.6507,533,0.009150124,-0.017816354
1998.04.19,0:00,0.6452,0.6557,0.6448,0.6511,442,0.013700763,-0.000619963
1998.04.26,0:00,0.6499,0.6546,0.6423,0.6488,490,0.02382831,-0.011694107
1998.05.03,0:00,0.6479,0.649,0.6337,0.6353,492,0.020070649,-0.021916962
1998.05.10,0:00,0.6329,0.639,0.6228,0.6276,636,0.017344788,-0.015958287
1998.05.17,0:00,0.6258,0.6347,0.6169,0.6273,624,0.018674894,-0.014221796
1998.05.24,0:00,0.6259,0.628,0.6158,0.6232,492,0.039532944,-0.016136763
1998.05.31,0:00,0.6233,0.6246,0.5995,0.6027,770,0.037349398,-0.03818386
1998.06.07,0:00,0.6025,0.6068,0.581,0.5889,982,0.01622088,-0.035684647
1998.06.14,0:00,0.5873,0.6288,0.5795,0.614,1315,0.024186822,-0.013281117
1998.06.21,0:00,0.6098,0.6147,0.5995,0.6024,832,0.006180057,-0.016890784
1998.06.28,0:00,0.5995,0.625,0.5987,0.6185,794,0.011778178,-0.001334445
1998.07.05,0:00,0.6135,0.6227,0.6113,0.6165,484,0.023236515,-0.003585982
1998.07.12,0:00,0.6092,0.6341,0.6025,0.6255,841,0.017073171,-0.01099803
1998.07.19,0:00,0.6262,0.632,0.615,0.6169,624,0.019164051,-0.01788566
1998.07.26,0:00,0.616,0.6177,0.6053,0.6065,599,0.01336675,-0.01737013
1998.08.02,0:00,0.6065,0.6116,0.5985,0.6002,523,0.017115743,-0.013190437
1998.08.09,0:00,0.6,0.6018,0.5901,0.5938,631,0.023793103,-0.0165
1998.08.16,0:00,0.593,0.6,0.58,0.5835,680,0.06284153,-0.021922428
1998.08.23,0:00,0.5821,0.583,0.549,0.567,882,0.003184713,-0.056863082
1998.08.30,0:00,0.5673,0.592,0.5652,0.589,966,0.013769363,-0.003701745
1998.09.06,0:00,0.5872,0.6043,0.581,0.5985,844,0.023076923,-0.010558583
1998.09.13,0:00,0.5955,0.6,0.585,0.5873,777,0.021391304,-0.017632242
1998.09.20,0:00,0.5862,0.5931,0.575,0.5862,595,0.004971713,-0.019106107
1998.09.27,0:00,0.5868,0.6004,0.5833,0.5962,721,0.025632204,-0.005964554
1998.10.04,0:00,0.5966,0.6255,0.5813,0.6145,1392,-0.000325362,-0.025645323
1998.10.11,0:00,0.6147,0.6423,0.6147,0.6346,834,0.029359286,0
1998.10.18,0:00,0.633,0.636,0.6165,0.6188,774,0.011937858,-0.026066351
1998.10.25,0:00,0.6189,0.6275,0.6115,0.6236,629,0.004186795,-0.011956697
1998.11.01,0:00,0.625,0.6363,0.621,0.6358,521,0.022679749,-0.0064
1998.11.08,0:00,0.6346,0.6405,0.6217,0.6369,768,0.012076911,-0.020327766
1998.11.15,0:00,0.6385,0.6484,0.6293,0.6428,744,0.016606041,-0.014408771
1998.11.22,0:00,0.6403,0.6455,0.6323,0.6336,501,0.029406986,-0.012494143
1998.11.29,0:00,0.6336,0.6385,0.6155,0.6172,698,0.012633306,-0.028566919
1998.12.06,0:00,0.618,0.6265,0.6095,0.621,642,0.0084443,-0.013754045
1998.12.13,0:00,0.6198,0.6271,0.6158,0.6199,624,0.018734593,-0.006453695
1998.12.20,0:00,0.619,0.622,0.6085,0.6098,492,0.006270627,-0.016962843
1998.12.27,0:00,0.609,0.616,0.606,0.6116,461,0,-0.004926108
1999.01.03,0:00,0.6116,0.6375,0.6116,0.635,627,0.011146497,0
1999.01.10,0:00,0.6343,0.6445,0.628,0.6343,790,0.004433888,-0.009932209
1999.01.17,0:00,0.6342,0.6462,0.6315,0.633,630,0.016051364,-0.004257332
1999.01.24,0:00,0.6331,0.6343,0.623,0.6305,517,0,-0.015953246
1999.01.31,0:00,0.6313,0.6545,0.6305,0.6512,631,0.019092332,-0.001267226
1999.02.07,0:00,0.6515,0.6555,0.639,0.647,661,0.024707,-0.019186493
1999.02.14,0:00,0.647,0.6505,0.6314,0.6408,593,0.03806901,-0.024111283
1999.02.21,0:00,0.6409,0.642,0.6173,0.6191,660,0.004869339,-0.036823217
1999.02.28,0:00,0.6185,0.63,0.6161,0.6285,582,0.004314477,-0.003880356
1999.03.07,0:00,0.628,0.6395,0.6258,0.6364,551,0.021017167,-0.003503185
1999.03.14,0:00,0.6352,0.6358,0.6233,0.6308,451,0.002065131,-0.018734257
1999.03.21,0:00,0.6304,0.6426,0.6295,0.6355,511,0.01598721,-0.001427665
1999.03.28,0:00,0.634,0.638,0.6255,0.6346,510,0.019437751,-0.01340694
1999.04.04,0:00,0.634,0.636,0.6225,0.6312,466,-0.001581778,-0.018138801
1999.04.11,0:00,0.6325,0.6493,0.6322,0.6474,582,0.004187994,-0.000474308
1999.04.18,0:00,0.6464,0.6575,0.6447,0.6517,546,0.009761388,-0.00262995
1999.04.25,0:00,0.6517,0.6635,0.6454,0.6615,564,0.00623669,-0.009667025
1999.05.02,0:00,0.6602,0.6748,0.6574,0.6724,665,0.014177979,-0.004241139
1999.05.09,0:00,0.6705,0.6753,0.663,0.6643,650,0.011111111,-0.011185682
1999.05.16,0:00,0.6622,0.6745,0.657,0.6578,659,0.018266254,-0.007852613
1999.05.23,0:00,0.6574,0.6615,0.646,0.6525,644,0.019053569,-0.01734104
1999.05.30,0:00,0.6532,0.6602,0.6403,0.6592,599,0.006719609,-0.019748928
1999.06.06,0:00,0.657,0.6666,0.6548,0.6658,645,0.024465302,-0.003348554
1999.06.13,0:00,0.664,0.6657,0.6499,0.6525,477,0.006789076,-0.02123494
1999.06.20,0:00,0.6528,0.6656,0.6481,0.6618,483,0.011926606,-0.007199755
1999.06.27,0:00,0.6615,0.6712,0.654,0.6685,589,0.012112036,-0.011337868
1999.07.04,0:00,0.6679,0.6727,0.6605,0.6663,688,0.014464068,-0.011079503
1999.07.11,0:00,0.6652,0.6672,0.6568,0.6608,524,0.030085737,-0.012627781
1999.07.18,0:00,0.6606,0.6617,0.6415,0.6485,695,0.010124611,-0.028913109
1999.07.25,0:00,0.6503,0.6545,0.642,0.6517,516,0.007575758,-0.01276334
1999.08.01,0:00,0.6505,0.6604,0.6468,0.6534,426,0.012395414,-0.005687932
1999.08.08,0:00,0.6502,0.655,0.6454,0.6525,493,0.030805687,-0.007382344
1999.08.15,0:00,0.6533,0.655,0.633,0.636,652,0.011128776,-0.031073014
1999.08.22,0:00,0.6388,0.6413,0.629,0.6319,541,0.005889844,-0.015341265
1999.08.29,0:00,0.63,0.6475,0.6282,0.6469,504,0.007946401,-0.002857143
1999.09.05,0:00,0.645,0.655,0.6418,0.6515,470,0.010077519,-0.00496124
1999.09.12,0:00,0.6512,0.659,0.645,0.6468,544,0.009993754,-0.009520885
1999.09.19,0:00,0.6465,0.6542,0.6404,0.6509,564,0.004165381,-0.009435422
1999.09.26,0:00,0.653,0.66,0.6482,0.6561,623,0.004439682,-0.007350689
1999.10.03,0:00,0.6558,0.667,0.6532,0.6548,485,0.014407436,-0.003964623
1999.10.10,0:00,0.6535,0.6592,0.6455,0.6477,657,0.009979729,-0.012241775
1999.10.17,0:00,0.6444,0.652,0.6413,0.6491,433,0.020918528,-0.004810677
1999.10.24,0:00,0.6488,0.6542,0.6358,0.6392,532,0.008201893,-0.020036991
1999.10.31,0:00,0.6385,0.6457,0.634,0.6395,531,0.00581944,-0.007047768
1999.11.07,0:00,0.6389,0.646,0.6358,0.6454,400,0.013505025,-0.00485209
1999.11.14,0:00,0.6471,0.6478,0.6368,0.64,394,0.014906438,-0.015917169
1999.11.21,0:00,0.6393,0.64,0.6306,0.6351,478,0.008895949,-0.013608634
1999.11.28,0:00,0.6336,0.64,0.6295,0.6325,511,0.003490401,-0.00647096
1999.12.05,0:00,0.6329,0.6417,0.6303,0.6353,464,0.005698908,-0.004108074
1999.12.12,0:00,0.6353,0.6467,0.6317,0.643,495,0.003903201,-0.005666614
1999.12.19,0:00,0.6428,0.6474,0.6405,0.6435,391,0.0024926,-0.003578096
1999.12.26,0:00,0.6434,0.658,0.6419,0.6575,397,0.008745014,-0.002331365
2000.01.02,0:00,0.6561,0.662,0.6518,0.655,527,0.0041392,-0.006553879
2000.01.09,0:00,0.6548,0.6697,0.6523,0.6662,459,0.007409648,-0.00381796
2000.01.16,0:00,0.6647,0.6682,0.6613,0.6626,442,0.064417671,-0.00511509
2000.01.23,0:00,0.6589,0.66,0.6225,0.6351,902,0.010822855,-0.055243588
2000.01.30,0:00,0.6388,0.6415,0.6283,0.6387,818,0.020124581,-0.01643707
2000.02.06,0:00,0.6379,0.6435,0.6261,0.632,679,0.013470173,-0.018498197
2000.02.13,0:00,0.6316,0.636,0.6236,0.6295,556,0.026916803,-0.012666244
2000.02.20,0:00,0.6286,0.63,0.613,0.6151,599,0.021251868,-0.024817054
2000.02.27,0:00,0.6165,0.6195,0.6023,0.6085,669,0.013322231,-0.023033252
2000.03.05,0:00,0.6082,0.617,0.6005,0.6149,510,0.016699735,-0.012660309
2000.03.12,0:00,0.6125,0.6199,0.6048,0.607,580,0.009143807,-0.012571429
2000.03.19,0:00,0.6067,0.6116,0.6015,0.608,400,0.010134574,-0.008570958
2000.03.26,0:00,0.6105,0.617,0.6019,0.608,615,0.02047667,-0.014086814
2000.04.02,0:00,0.6067,0.6105,0.5958,0.599,561,0.00926706,-0.017966046
2000.04.09,0:00,0.5969,0.6008,0.5935,0.598,456,0.016142736,-0.005696096
2000.04.16,0:00,0.6026,0.6046,0.5885,0.595,536,0.021459227,-0.023398606
2000.04.23,0:00,0.592,0.5975,0.5825,0.5838,496,0.009161625,-0.016047297
2000.04.30,0:00,0.5848,0.598,0.5785,0.5965,598,0.038294169,-0.010772914
2000.05.07,0:00,0.5959,0.5975,0.5745,0.58,744,0.027457927,-0.035912066
2000.05.14,0:00,0.5821,0.5828,0.5645,0.5742,741,0.013771186,-0.030235355
2000.05.21,0:00,0.572,0.5786,0.5664,0.575,616,0.011255716,-0.00979021
2000.05.28,0:00,0.574,0.5829,0.5686,0.5802,678,0.004675325,-0.009407666
2000.06.04,0:00,0.5815,0.5941,0.5775,0.5875,677,0.003415884,-0.006878762
2000.06.11,0:00,0.586,0.6096,0.5855,0.6063,658,0.021566976,-0.000853242
2000.06.18,0:00,0.6055,0.6078,0.5935,0.595,545,0.006257399,-0.019818332
2000.06.25,0:00,0.5943,0.6054,0.5913,0.5953,509,0.015870307,-0.005047956
2000.07.02,0:00,0.5971,0.6021,0.586,0.5926,484,0.018213058,-0.018589851
2000.07.09,0:00,0.5912,0.5961,0.582,0.5844,529,0.017232376,-0.01556157
2000.07.16,0:00,0.5839,0.5897,0.5745,0.5867,605,0.007556242,-0.016098647
2000.07.23,0:00,0.585,0.594,0.5823,0.5882,620,0.021890202,-0.004615385
2000.07.30,0:00,0.587,0.5878,0.5756,0.5866,629,0.017872636,-0.019420784
2000.08.06,0:00,0.5864,0.5895,0.5763,0.5788,511,0.003467406,-0.017223738
2000.08.13,0:00,0.579,0.595,0.5768,0.5905,509,0.042365402,-0.003799655
2000.08.20,0:00,0.5907,0.5918,0.5665,0.5745,637,0.011443662,-0.040968343
2000.08.27,0:00,0.573,0.5797,0.568,0.5771,621,0.044524887,-0.008726003
2000.09.03,0:00,0.5763,0.5788,0.5525,0.5555,672,0.021139706,-0.041297935
2000.09.10,0:00,0.5564,0.563,0.544,0.5447,605,0.016231343,-0.022286125
2000.09.17,0:00,0.5452,0.5605,0.536,0.5445,807,0.011329866,-0.016874541
2000.09.24,0:00,0.549,0.5525,0.5384,0.543,635,0.02743614,-0.019307832
2000.10.01,0:00,0.5427,0.5485,0.5285,0.5337,625,0.014060422,-0.026165469
2000.10.08,0:00,0.5337,0.538,0.5263,0.5275,539,0.023675529,-0.013865467
2000.10.15,0:00,0.5281,0.5305,0.5153,0.5298,641,0.029937792,-0.024237834
2000.10.22,0:00,0.5314,0.5325,0.5144,0.5237,714,0.023851417,-0.031990967
2000.10.29,0:00,0.5224,0.5345,0.5115,0.5265,1026,0.016409266,-0.020865237
2000.11.05,0:00,0.527,0.5331,0.518,0.5196,609,0.004057971,-0.017077799
2000.11.12,0:00,0.5191,0.5245,0.5175,0.519,434,0.024274719,-0.003082258
2000.11.19,0:00,0.5187,0.5291,0.5067,0.5237,776,0.009834169,-0.02313476
2000.11.26,0:00,0.521,0.5402,0.5186,0.5377,684,0.002049944,-0.004606526
2000.12.03,0:00,0.537,0.552,0.5366,0.5484,614,0.02122905,-0.000744879
2000.12.10,0:00,0.5442,0.5483,0.537,0.5457,517,0.01130467,-0.01323043
2000.12.17,0:00,0.5436,0.5584,0.5396,0.5567,535,0.00942883,-0.007358352
2000.12.24,0:00,0.5565,0.5602,0.5515,0.559,456,0.008479163,-0.008984726
2000.12.31,0:00,0.5584,0.573,0.5543,0.5715,528,0.035326087,-0.007342407
2001.01.07,0:00,0.5712,0.5727,0.552,0.5568,721,0.01420765,-0.033613445
2001.01.14,0:00,0.5566,0.5631,0.549,0.5565,647,0.028650647,-0.01365433
2001.01.21,0:00,0.5552,0.5584,0.541,0.5448,642,0.007955597,-0.025576369
2001.01.28,0:00,0.543,0.5572,0.5405,0.5533,583,0.040037594,-0.004604052
2001.02.04,0:00,0.5503,0.5539,0.532,0.5367,599,0.026587605,-0.033254588
2001.02.11,0:00,0.5374,0.5404,0.5228,0.529,512,0.016721122,-0.027167845
2001.02.18,0:00,0.5293,0.5316,0.5203,0.5273,591,0.012675245,-0.01700359
2001.02.25,0:00,0.5264,0.5308,0.5207,0.5305,457,0.048211816,-0.010828267
2001.03.04,0:00,0.5288,0.5298,0.5061,0.5091,671,0.038979592,-0.042927383
2001.03.11,0:00,0.5087,0.5119,0.49,0.4943,576,0.010838446,-0.03676037
2001.03.18,0:00,0.4948,0.5048,0.489,0.4964,657,0.024138642,-0.011721908
2001.03.25,0:00,0.4941,0.5021,0.4847,0.486,700,0.01822753,-0.019024489
2001.04.01,0:00,0.4858,0.4996,0.4773,0.4988,703,0.017128874,-0.017496912
2001.04.08,0:00,0.4991,0.5109,0.4904,0.508,451,0.032100772,-0.017431376
2001.04.15,0:00,0.5074,0.5197,0.4922,0.5152,883,0.028343313,-0.029956642
2001.04.22,0:00,0.5135,0.5202,0.501,0.5098,830,0.007310808,-0.024342746
2001.04.29,0:00,0.508,0.5243,0.5061,0.5195,607,0.009521959,-0.003740157
2001.05.06,0:00,0.5196,0.5273,0.5146,0.522,536,0.013592233,-0.009622787
2001.05.13,0:00,0.5207,0.5305,0.515,0.5302,556,0.043700787,-0.010946802
2001.05.20,0:00,0.5293,0.5323,0.508,0.5207,646,0.035806644,-0.040241829
2001.05.27,0:00,0.5199,0.5221,0.5027,0.5088,619,0.009123364,-0.033083285
2001.06.03,0:00,0.5081,0.526,0.5042,0.526,577,0.011733026,-0.007675654
2001.06.10,0:00,0.5246,0.5303,0.5199,0.5248,567,0.020019436,-0.008959207
2001.06.17,0:00,0.5236,0.5278,0.5145,0.5161,515,0.023398771,-0.017379679
2001.06.24,0:00,0.5168,0.523,0.5043,0.511,539,0.014694202,-0.024187307
2001.07.01,0:00,0.5108,0.5204,0.5036,0.5093,566,0.016769814,-0.014095536
2001.07.08,0:00,0.5084,0.5139,0.5009,0.5083,557,0.008932116,-0.014752164
2001.07.15,0:00,0.5104,0.5192,0.5038,0.506,553,0.004965243,-0.012931034
2001.07.22,0:00,0.5059,0.5124,0.5035,0.5087,421,0.013750498,-0.004744021
2001.07.29,0:00,0.5081,0.5217,0.5018,0.5168,457,0.01612269,-0.012399134
2001.08.05,0:00,0.5164,0.5208,0.5086,0.5129,21780,0,-0.01510457
2001.08.12,0:00,0.5134,0.5383,0.5129,0.5357,22539,0.014007193,-0.000973899
2001.08.19,0:00,0.5365,0.5399,0.5283,0.5346,19758,0.018867925,-0.01528425
2001.08.26,0:00,0.534,0.5356,0.5247,0.5294,16823,0.026565833,-0.01741573
2001.09.02,0:00,0.5284,0.5291,0.5157,0.5195,16876,0.016634051,-0.024034822
2001.09.09,0:00,0.5184,0.5242,0.511,0.515,16750,0.069574247,-0.014274691
2001.09.16,0:00,0.5167,0.5172,0.4815,0.4849,19121,0.007061267,-0.068124637
2001.09.23,0:00,0.4859,0.4984,0.4815,0.4913,18555,0.003677222,-0.009055361
2001.09.30,0:00,0.4926,0.5086,0.4895,0.5069,16930,0.021769804,-0.006293138
2001.10.07,0:00,0.5078,0.5089,0.4961,0.5058,18449,0.001980983,-0.023040567
2001.10.14,0:00,0.5115,0.5177,0.5048,0.5092,18542,0.017585931,-0.013098729
2001.10.21,0:00,0.5089,0.5115,0.5004,0.5024,14111,0.005604484,-0.016702692
2001.10.28,0:00,0.5014,0.5135,0.4996,0.5088,16755,0.006130117,-0.003589948
2001.11.04,0:00,0.5076,0.5181,0.5057,0.5149,15525,-0.000388274,-0.003743105
2001.11.11,0:00,0.5189,0.5254,0.5151,0.5222,17991,0.015558149,-0.007323184
2001.11.18,0:00,0.5232,0.5239,0.5142,0.518,16899,0.003875969,-0.017201835
2001.11.25,0:00,0.5177,0.5245,0.516,0.5218,15742,0.018345043,-0.003283755
2001.12.02,0:00,0.5207,0.5227,0.5124,0.5181,13865,0.009547935,-0.015940081
2001.12.09,0:00,0.5148,0.5217,0.5132,0.5178,11930,0.027992853,-0.003108003
2001.12.16,0:00,0.5193,0.5202,0.5037,0.5087,14879,0.006728676,-0.030040439
2001.12.23,0:00,0.5094,0.5124,0.5053,0.5106,7315,0.00511811,-0.008048685
2001.12.30,0:00,0.5113,0.5219,0.508,0.521,10368,0.008126935,-0.006454137
2002.01.06,0:00,0.5204,0.5278,0.5168,0.52,15422,0.016816582,-0.006917756
2002.01.13,0:00,0.5185,0.5204,0.5114,0.5143,2658,0.000973141,-0.013693346
2002.01.20,0:00,0.5147,0.5224,0.5138,0.5167,10236,0.023573693,-0.001748591
2002.01.27,0:00,0.5166,0.5182,0.5048,0.5094,12528,0.008513166,-0.022841657
2002.02.03,0:00,0.5091,0.5131,0.5051,0.5113,9787,0.009277537,-0.007857003
2002.02.10,0:00,0.511,0.5193,0.5066,0.5171,9653,0.011739386,-0.008610568
2002.02.17,0:00,0.5172,0.52,0.5111,0.5127,10444,0.00332681,-0.011794277
2002.02.24,0:00,0.5134,0.5208,0.511,0.5194,13466,0.002509168,-0.004674718
2002.03.03,0:00,0.5208,0.5272,0.5181,0.5231,12784,0.00984556,-0.005184332
2002.03.10,0:00,0.5218,0.5266,0.518,0.5259,9770,0.009211284,-0.007282484
2002.03.17,0:00,0.5259,0.5341,0.5211,0.5307,13117,0.008551881,-0.00912721
2002.03.24,0:00,0.5306,0.5362,0.5262,0.5333,12010,0.009655434,-0.008292499
2002.03.31,0:00,0.5332,0.5366,0.5282,0.5306,12442,0.010089473,-0.009377344
2002.04.07,0:00,0.5291,0.5373,0.5253,0.5343,12435,0.008684161,-0.007182007
2002.04.14,0:00,0.5338,0.5419,0.5297,0.5404,28051,0.006706408,-0.007680779
2002.04.21,0:00,0.5397,0.5463,0.5368,0.5437,29245,0.018737118,-0.005373356
2002.04.28,0:00,0.5438,0.5455,0.5337,0.5394,34476,0.003534884,-0.018573005
2002.05.05,0:00,0.5408,0.5459,0.5375,0.545,27207,0.003313697,-0.006102071
2002.05.12,0:00,0.5439,0.5538,0.5432,0.5526,34556,0.004179538,-0.001287001
2002.05.19,0:00,0.5526,0.5618,0.5503,0.5565,39676,0.002702703,-0.004162143
2002.05.26,0:00,0.5558,0.5704,0.555,0.5674,26953,0.001942433,-0.001439367
2002.06.02,0:00,0.5675,0.5783,0.5663,0.5734,27090,0.029073941,-0.002114537
2002.06.09,0:00,0.5713,0.5728,0.5572,0.5604,47282,0.009547829,-0.024680553
2002.06.16,0:00,0.5608,0.5755,0.5551,0.5749,46202,0.030286738,-0.010164051
2002.06.23,0:00,0.5743,0.5804,0.558,0.5636,61990,0.018247516,-0.028382379
2002.06.30,0:00,0.563,0.565,0.5535,0.5575,47670,0.004866619,-0.01687389
2002.07.07,0:00,0.5571,0.5717,0.5548,0.5588,51011,0.017294739,-0.004128523
2002.07.14,0:00,0.5597,0.5652,0.5493,0.5565,49000,0.041549691,-0.018581383
2002.07.21,0:00,0.557,0.5574,0.5343,0.5363,59518,0.002429907,-0.040754039
2002.07.28,0:00,0.536,0.5487,0.535,0.5393,51872,0.031560826,-0.001865672
2002.08.04,0:00,0.5388,0.5401,0.5228,0.5359,64211,0.004310345,-0.02969562
2002.08.11,0:00,0.5356,0.5475,0.5336,0.5462,48794,0.014298979,-0.00373413
2002.08.18,0:00,0.5457,0.5475,0.5385,0.5432,44991,0.002029146,-0.013194063
2002.08.25,0:00,0.5437,0.5551,0.5421,0.5508,14978,0.021323938,-0.002942799
2002.09.01,0:00,0.5501,0.5531,0.5393,0.5474,49257,0.004772394,-0.019632794
2002.09.08,0:00,0.5476,0.5542,0.5448,0.5502,51748,0.012700166,-0.005113221
2002.09.15,0:00,0.5499,0.5528,0.5433,0.5462,53576,0.009238729,-0.012002182
2002.09.22,0:00,0.5458,0.5487,0.5412,0.5438,53436,0.00722356,-0.008427996
2002.09.29,0:00,0.5435,0.5482,0.5399,0.5464,16746,0.001466276,-0.006623735
2002.10.06,0:00,0.5464,0.5512,0.5456,0.5496,18030,0.008810573,-0.001464129
2002.10.13,0:00,0.5477,0.5534,0.5448,0.5502,17790,0.002003278,-0.005294869
2002.10.20,0:00,0.5502,0.5571,0.5491,0.5557,18941,0.008346942,-0.001999273
2002.10.27,0:00,0.5559,0.56,0.5511,0.5594,16303,0.000178795,-0.008634647
2002.11.03,0:00,0.5597,0.5681,0.5593,0.5646,17785,0.012009321,-0.000714669
2002.11.10,0:00,0.5637,0.5663,0.5579,0.5637,17231,0.013120058,-0.010289161
2002.11.17,0:00,0.5636,0.5653,0.5564,0.5637,20222,0.016774892,-0.012775018
2002.11.24,0:00,0.5646,0.5651,0.5544,0.5608,16424,0.008451717,-0.018065887
2002.12.01,0:00,0.5608,0.5628,0.5561,0.5611,17835,0.005015225,-0.008380884
2002.12.08,0:00,0.5631,0.5688,0.5583,0.5651,19037,0.009648026,-0.008524241
2002.12.15,0:00,0.565,0.5696,0.5597,0.5626,18185,0.004463489,-0.009380531
2002.12.22,0:00,0.5638,0.5652,0.5601,0.5612,11883,0.002859185,-0.006562611
2002.12.29,0:00,0.5619,0.5682,0.5596,0.5677,13166,0.001411184,-0.004093255
2003.01.05,0:00,0.5672,0.5845,0.5669,0.5833,20562,0.004650362,-0.000528914
2003.01.12,0:00,0.5827,0.5933,0.5806,0.592,18957,0.013004791,-0.003603913
2003.01.19,0:00,0.5911,0.5939,0.5844,0.5921,12265,0.011445166,-0.0113348
2003.01.26,0:00,0.5915,0.5947,0.5854,0.5872,12360,0.008241758,-0.010312764
2003.02.02,0:00,0.586,0.5938,0.5824,0.5899,11480,0.005625639,-0.006143345
2003.02.09,0:00,0.5903,0.5975,0.5866,0.5922,16876,0.006800408,-0.006267999
2003.02.16,0:00,0.5912,0.6,0.5882,0.5976,17191,0.003189525,-0.005074425
2003.02.23,0:00,0.5975,0.6094,0.5957,0.6089,18702,0.0051172,-0.003012552
2003.03.02,0:00,0.6079,0.6185,0.6058,0.6133,21296,0.040902919,-0.003454516
2003.03.09,0:00,0.6128,0.6171,0.5892,0.5978,23778,0.016839599,-0.038511749
2003.03.16,0:00,0.5981,0.6029,0.5879,0.5911,21762,-0.00152027,-0.017054004
2003.03.23,0:00,0.5927,0.6022,0.592,0.6002,18813,0.008231144,-0.001181036
2003.03.30,0:00,0.6,0.6067,0.5953,0.6009,20433,0.014006075,-0.007833333
2003.04.06,0:00,0.5997,0.6082,0.5926,0.6057,19644,0.007317479,-0.011839253
2003.04.13,0:00,0.6049,0.6172,0.6013,0.6146,16094,0.003428571,-0.005951397
2003.04.20,0:00,0.6145,0.6234,0.6125,0.6166,18488,0.003254149,-0.003254679
2003.04.27,0:00,0.616,0.6346,0.6146,0.6318,19278,0.004132231,-0.002272727
2003.05.04,0:00,0.6301,0.6475,0.6292,0.6467,20251,0.014908977,-0.001428345
2003.05.11,0:00,0.6463,0.6539,0.6372,0.6533,20175,0.001686599,-0.014080149
2003.05.18,0:00,0.6583,0.6619,0.6522,0.6603,21071,0.027224642,-0.009266292
2003.05.25,0:00,0.6596,0.6628,0.6428,0.6527,23786,0.007253086,-0.025469982
2003.06.01,0:00,0.6502,0.6712,0.648,0.6584,25299,0.006727829,-0.003383574
2003.06.08,0:00,0.6591,0.6691,0.654,0.6686,20820,0.005867309,-0.007737824
2003.06.15,0:00,0.6684,0.6741,0.6647,0.6685,22364,0.011346445,-0.005535607
2003.06.22,0:00,0.6677,0.6733,0.661,0.6679,22473,0.003908011,-0.010034447
2003.06.29,0:00,0.6662,0.6842,0.6653,0.6786,20386,0.046253469,-0.001350946
2003.07.06,0:00,0.6791,0.685,0.6486,0.6598,32524,0.024534161,-0.044912384
2003.07.13,0:00,0.6572,0.6618,0.644,0.6482,27619,0.003716321,-0.02008521
2003.07.20,0:00,0.647,0.6669,0.6458,0.6634,26559,0.029325058,-0.001854714
2003.07.27,0:00,0.6624,0.6681,0.6445,0.6516,27869,0.016695272,-0.027022947
2003.08.03,0:00,0.6524,0.6542,0.6409,0.6524,27767,0.003229279,-0.017627223
2003.08.10,0:00,0.6529,0.6616,0.6503,0.6603,42376,0.020556414,-0.003982233
2003.08.17,0:00,0.6606,0.6626,0.647,0.6525,47633,0.027073823,-0.020587345
2003.08.24,0:00,0.6513,0.6539,0.6353,0.6472,42787,0.020981227,-0.024566252
2003.08.31,0:00,0.6471,0.6488,0.6339,0.6488,14284,0.006203474,-0.020398702
2003.09.07,0:00,0.649,0.665,0.6448,0.6634,11878,0.007288187,-0.006471495
2003.09.14,0:00,0.6637,0.6739,0.6586,0.6727,12954,-0.001039501,-0.007684195
2003.09.21,0:00,0.6776,0.6839,0.6734,0.6738,15398,0.008531657,-0.006198347
2003.09.28,0:00,0.6758,0.6882,0.6681,0.6791,19701,0.004734428,-0.011393904
2003.10.05,0:00,0.6788,0.696,0.6759,0.6916,18472,0.013481829,-0.004272245
2003.10.12,0:00,0.6927,0.6945,0.6824,0.6926,20056,0.005079089,-0.014869352
2003.10.19,0:00,0.6939,0.7077,0.6891,0.6992,17096,0.000143041,-0.006917423
2003.10.26,0:00,0.6994,0.711,0.6991,0.7084,18032,0.0204552,-0.000428939
2003.11.02,0:00,0.7075,0.7127,0.6942,0.7097,22243,0.000281889,-0.018798587
2003.11.09,0:00,0.7104,0.7227,0.7095,0.7208,16201,0.016213168,-0.001266892
2003.11.16,0:00,0.7205,0.7269,0.7093,0.7238,18057,0.011741683,-0.015544761
2003.11.23,0:00,0.7227,0.726,0.7154,0.7244,12323,0.001797815,-0.01010101
2003.11.30,0:00,0.7243,0.7387,0.7231,0.7368,15265,0.00504706,-0.001656772
2003.12.07,0:00,0.7365,0.7438,0.7331,0.7419,16065,0.010074881,-0.004616429
2003.12.14,0:00,0.7369,0.7458,0.7345,0.736,17280,0.00670223,-0.003256887
2003.12.21,0:00,0.7365,0.7448,0.7311,0.7409,11681,0.000405077,-0.007331976
2003.12.28,0:00,0.7414,0.7594,0.7406,0.7581,10104,-0.001054157,-0.00107904
2004.01.04,0:00,0.7594,0.7786,0.7589,0.7768,19565,0.020762155,-0.000658415
2004.01.11,0:00,0.7773,0.7816,0.761,0.7637,22156,0.014344534,-0.020970024
2004.01.18,0:00,0.7632,0.7799,0.7529,0.7712,24044,0.02254044,-0.013495807
2004.01.25,0:00,0.7715,0.7816,0.7542,0.7642,39406,0.01124785,-0.02242385
2004.02.01,0:00,0.7643,0.7714,0.7557,0.771,29881,0.00771141,-0.011252126
2004.02.08,0:00,0.7663,0.795,0.7651,0.7898,23975,0.033634341,-0.001565966
2004.02.15,0:00,0.7895,0.8008,0.7641,0.7711,26841,0.007842112,-0.032172261
2004.02.22,0:00,0.7701,0.782,0.7651,0.7737,27082,0.04539927,-0.006492663
2004.02.29,0:00,0.7728,0.7776,0.7401,0.7594,26632,0.047159404,-0.042313665
2004.03.07,0:00,0.7585,0.7661,0.7252,0.7335,29941,0.006310879,-0.043902439
2004.03.14,0:00,0.7306,0.7552,0.7289,0.7491,23449,0.01641791,-0.002326855
2004.03.21,0:00,0.7478,0.7561,0.737,0.747,23025,0.004977802,-0.014442364
2004.03.28,0:00,0.7458,0.7694,0.7433,0.7571,19870,0.008122503,-0.003352105
2004.04.04,0:00,0.756,0.7697,0.751,0.7634,17466,0.046326754,-0.006613757
2004.04.11,0:00,0.7627,0.7692,0.7296,0.744,21749,0.028761062,-0.043398453
2004.04.18,0:00,0.7458,0.7516,0.7232,0.7339,22602,0.030468969,-0.03030303
2004.04.25,0:00,0.7298,0.7371,0.7122,0.7208,21680,0.027366021,-0.024116196
2004.05.02,0:00,0.7228,0.7345,0.7016,0.7035,20562,0.030316344,-0.029330382
2004.05.09,0:00,0.7021,0.7047,0.6828,0.6915,26194,0.017809832,-0.027488962
2004.05.16,0:00,0.692,0.7038,0.6794,0.6979,22698,0.005040323,-0.018208092
2004.05.23,0:00,0.6992,0.7205,0.6944,0.7146,22080,0.043973703,-0.006864989
2004.05.30,0:00,0.7145,0.7178,0.6845,0.6959,24980,0.014283632,-0.041987404
2004.06.06,0:00,0.6985,0.708,0.6861,0.6916,18461,0.021113244,-0.017752326
2004.06.13,0:00,0.692,0.6996,0.6773,0.6889,24859,0.006722198,-0.021242775
2004.06.20,0:00,0.6907,0.703,0.6843,0.7006,21496,0.018906341,-0.009265962
2004.06.27,0:00,0.6997,0.7142,0.6876,0.7133,34012,0.00267079,-0.017293126
2004.07.04,0:00,0.7127,0.7246,0.7114,0.7221,32072,0.003753128,-0.001824049
2004.07.11,0:00,0.7229,0.7328,0.7194,0.7325,29698,0.035628446,-0.00484161
2004.07.18,0:00,0.732,0.7351,0.7073,0.7096,35999,0.024249423,-0.033743169
2004.07.25,0:00,0.7088,0.7145,0.6928,0.7027,39689,0.005437115,-0.022573363
2004.08.01,0:00,0.7037,0.7162,0.6989,0.7138,28632,0.011477965,-0.006821089
2004.08.08,0:00,0.7138,0.7189,0.7057,0.7169,24859,0.005751964,-0.011347716
2004.08.15,0:00,0.7169,0.7266,0.7128,0.7238,27904,0.033852307,-0.005719068
2004.08.22,0:00,0.7232,0.7238,0.7001,0.7027,29948,0.020328154,-0.031941372
2004.08.29,0:00,0.7018,0.7079,0.6887,0.6914,21342,0.009048453,-0.018666287
2004.09.05,0:00,0.6916,0.6997,0.6852,0.6955,22044,0.003317946,-0.009253904
2004.09.12,0:00,0.6966,0.705,0.6932,0.6981,22363,0.001147282,-0.00488085
2004.09.19,0:00,0.6983,0.7172,0.6973,0.7146,22106,0.006478873,-0.001432049
2004.09.26,0:00,0.7139,0.729,0.71,0.7259,24898,0.010439866,-0.00546295
2004.10.03,0:00,0.7239,0.737,0.7184,0.7349,21312,0.018854845,-0.007597734
2004.10.10,0:00,0.7378,0.7385,0.7213,0.7313,19960,0.012740618,-0.022363784
2004.10.17,0:00,0.7309,0.7409,0.7221,0.74,19786,0.004479435,-0.012039951
2004.10.24,0:00,0.7423,0.7512,0.7367,0.7485,24036,0.007131324,-0.00754412
2004.10.31,0:00,0.7495,0.7637,0.7432,0.7629,23129,0.010463576,-0.008405604
2004.11.07,0:00,0.7635,0.7705,0.755,0.7692,24257,0.000910865,-0.01113294
2004.11.14,0:00,0.7691,0.7866,0.7685,0.7838,26988,0.008621799,-0.000780133
2004.11.21,0:00,0.7852,0.795,0.7771,0.7907,26050,0.02768391,-0.010315843
2004.11.28,0:00,0.7902,0.7905,0.7694,0.7818,42589,0.050665233,-0.02632245
2004.12.05,0:00,0.7803,0.7827,0.7441,0.7513,41078,0.003606733,-0.046392413
2004.12.12,0:00,0.7489,0.7672,0.7486,0.7623,37753,0.001445087,-0.000400588
2004.12.19,0:00,0.765,0.7715,0.7612,0.769,24161,0.001171722,-0.00496732
2004.12.26,0:00,0.7692,0.7848,0.7681,0.783,20479,0.038599284,-0.001430057
2005.01.02,0:00,0.7824,0.784,0.7539,0.7574,33060,0.003444621,-0.03642638
2005.01.09,0:00,0.7575,0.7698,0.7548,0.7589,28660,0.011327292,-0.003564356
2005.01.16,0:00,0.7585,0.7716,0.7504,0.7694,26058,0.008784581,-0.010678972
2005.01.23,0:00,0.7702,0.7806,0.7627,0.7749,22869,0.01029987,-0.00973773
2005.01.30,0:00,0.7738,0.7792,0.767,0.7704,22769,0.012485215,-0.0087878
2005.02.06,0:00,0.7675,0.7866,0.7609,0.7862,24313,0.009890816,-0.008599349
2005.02.13,0:00,0.786,0.79,0.7785,0.7885,21517,0.01012042,-0.009541985
2005.02.20,0:00,0.7894,0.796,0.7806,0.7866,22618,0.012355212,-0.011147707
2005.02.27,0:00,0.7867,0.7948,0.777,0.7908,27183,0.004956157,-0.012329986
2005.03.06,0:00,0.7897,0.7992,0.7869,0.7931,38182,0.009033079,-0.00354565
2005.03.13,0:00,0.793,0.7959,0.786,0.795,21553,0.033004158,-0.008827238
2005.03.20,0:00,0.7937,0.7944,0.7696,0.7715,20542,0.006129369,-0.030364117
2005.03.27,0:00,0.7722,0.7779,0.7668,0.7711,32685,0.011278689,-0.006993007
2005.04.03,0:00,0.7688,0.7739,0.7625,0.7718,30707,0.008888889,-0.008194589
2005.04.10,0:00,0.7717,0.7806,0.765,0.768,25186,0.006025675,-0.00868213
2005.04.17,0:00,0.7687,0.7835,0.7634,0.7813,25700,0.009301124,-0.006894757
2005.04.24,0:00,0.7817,0.7844,0.7741,0.7813,19034,0.012046632,-0.0097224
2005.05.01,0:00,0.7803,0.783,0.772,0.7754,18208,0.02012893,-0.010636935
2005.05.08,0:00,0.7736,0.7795,0.7601,0.7614,21442,0.01128968,-0.017450879
2005.05.15,0:00,0.7616,0.7622,0.7529,0.7561,19034,0.00212061,-0.011423319
2005.05.22,0:00,0.7548,0.7651,0.7545,0.7632,17328,0.021276596,-0.000397456
2005.05.29,0:00,0.7618,0.7636,0.7473,0.7565,20621,0.001854059,-0.019033867
2005.06.05,0:00,0.7556,0.7708,0.7551,0.7613,19339,0.003162472,-0.000661726
2005.06.12,0:00,0.7622,0.7785,0.7589,0.778,21578,0.015003262,-0.004329572
2005.06.19,0:00,0.7756,0.7813,0.7665,0.7695,19779,0.026684456,-0.011732852
2005.06.26,0:00,0.7697,0.7705,0.7495,0.7519,21420,0.020909708,-0.026243991
2005.07.03,0:00,0.7509,0.7522,0.7365,0.7419,22870,0.000134807,-0.019176988
2005.07.10,0:00,0.7422,0.7578,0.7418,0.7492,19269,0.002542486,-0.000538938
2005.07.17,0:00,0.7485,0.769,0.7473,0.7634,20448,0.014080765,-0.001603206
2005.07.24,0:00,0.7622,0.765,0.7528,0.7566,19127,0.002251954,-0.012332721
2005.07.31,0:00,0.7559,0.7743,0.7549,0.7682,19501,0.012921941,-0.001322926
2005.08.07,0:00,0.768,0.7753,0.7584,0.7717,18699,0.029619746,-0.0125
2005.08.14,0:00,0.773,0.7742,0.7495,0.7512,17508,0.000399521,-0.030401035
2005.08.21,0:00,0.7514,0.7612,0.7509,0.7558,15219,0.013680258,-0.000665425
2005.08.28,0:00,0.7549,0.7664,0.7456,0.7649,18351,0.001964894,-0.012319513
2005.09.04,0:00,0.7638,0.7755,0.7634,0.775,15630,0.014397906,-0.000523697
2005.09.11,0:00,0.7746,0.7761,0.764,0.7675,18153,0.014138478,-0.013684482
2005.09.18,0:00,0.7658,0.7729,0.7568,0.7569,18844,0.005312791,-0.011752416
2005.09.25,0:00,0.7568,0.7641,0.7529,0.7619,17405,0.00900543,-0.005153277
2005.10.02,0:00,0.7624,0.7644,0.7551,0.7567,17507,0.014343164,-0.009575026
2005.10.09,0:00,0.7564,0.7605,0.746,0.7521,16360,0.011294877,-0.013749339
2005.10.16,0:00,0.754,0.7547,0.7437,0.7488,17333,0.002812374,-0.013660477
2005.10.23,0:00,0.7486,0.7599,0.7467,0.749,16069,0.02476399,-0.002538071
2005.10.30,0:00,0.7488,0.7519,0.7309,0.733,17185,0.006315211,-0.023904915
2005.11.06,0:00,0.7318,0.7378,0.7284,0.7326,16335,0.008951935,-0.004646078
2005.11.13,0:00,0.7321,0.7352,0.7261,0.7329,60998,0.001366307,-0.008195602
2005.11.20,0:00,0.733,0.7404,0.7319,0.7356,44001,0.00464354,-0.001500682
2005.11.27,0:00,0.7337,0.749,0.7322,0.7479,47642,0.004971782,-0.002044432
2005.12.04,0:00,0.7464,0.7542,0.7442,0.7503,39596,0.011458614,-0.002947481
2005.12.11,0:00,0.7487,0.7579,0.7418,0.7435,39339,0.022977435,-0.009215974
2005.12.18,0:00,0.7443,0.7469,0.7268,0.7288,34331,0.007882727,-0.023512025
2005.12.25,0:00,0.7286,0.7344,0.7231,0.7326,31702,0.001503759,-0.007548724
2006.01.01,0:00,0.7329,0.7552,0.7315,0.7539,28859,0.007887701,-0.00191022
2006.01.08,0:00,0.7541,0.7567,0.748,0.755,34092,0.014375924,-0.008089113
2006.01.15,0:00,0.7534,0.7577,0.7443,0.7478,33639,0.000535189,-0.012078577
2006.01.22,0:00,0.7474,0.7559,0.7474,0.7492,33994,0.002274247,0
2006.01.29,0:00,0.7501,0.7588,0.7475,0.7487,21324,0.016426826,-0.003466205
2006.02.05,0:00,0.7488,0.7492,0.7366,0.7375,27579,0.003811079,-0.016292735
2006.02.12,0:00,0.7366,0.7443,0.7347,0.7393,27640,0.006809206,-0.002579419
2006.02.19,0:00,0.7391,0.7422,0.7343,0.7393,26184,0.004347235,-0.006494385
2006.02.26,0:00,0.7395,0.7486,0.7361,0.745,27748,0.020128714,-0.004597701
2006.03.05,0:00,0.7441,0.7482,0.7303,0.7318,29383,0.007295251,-0.018545894
2006.03.12,0:00,0.7308,0.741,0.7265,0.7272,32186,0.030028329,-0.005883963
2006.03.19,0:00,0.7275,0.7276,0.706,0.7085,31362,0.009978617,-0.029553265
2006.03.26,0:00,0.7077,0.7173,0.7015,0.7162,27107,0.006605762,-0.008760774
2006.04.02,0:00,0.7154,0.7342,0.7115,0.7261,26929,0.003316291,-0.005451496
2006.04.09,0:00,0.726,0.7343,0.7237,0.7277,24520,0.000962861,-0.003168044
2006.04.16,0:00,0.7278,0.7483,0.727,0.744,24662,0.00283057,-0.001099203
2006.04.23,0:00,0.7468,0.7605,0.7419,0.7593,29305,0.005429025,-0.006561328
2006.04.30,0:00,0.7588,0.7742,0.7552,0.772,26069,0.011530398,-0.004744333
2006.05.07,0:00,0.7727,0.7791,0.7632,0.7728,45055,0.026976744,-0.012294552
2006.05.14,0:00,0.7741,0.7747,0.7525,0.7581,43834,0.015403161,-0.027903372
2006.05.21,0:00,0.7559,0.762,0.7466,0.7573,43106,0.017876344,-0.012303215
2006.05.28,0:00,0.762,0.765,0.744,0.752,36536,0.01745366,-0.023622047
2006.06.04,0:00,0.7508,0.7543,0.7391,0.7482,43644,0.018929593,-0.015583378
2006.06.11,0:00,0.7484,0.7496,0.7343,0.7383,41155,0.010815991,-0.018840192
2006.06.18,0:00,0.7376,0.742,0.7304,0.7316,42620,0.006604293,-0.009761388
2006.06.25,0:00,0.7311,0.7451,0.7268,0.7421,41439,0.002973375,-0.005881548
2006.07.02,0:00,0.7429,0.7528,0.7399,0.7512,37019,0.00710551,-0.004038229
2006.07.09,0:00,0.7513,0.7565,0.7459,0.753,43889,0.017017828,-0.007187542
2006.07.16,0:00,0.7531,0.7542,0.7404,0.7521,41380,0.002666311,-0.01686363
2006.07.23,0:00,0.7523,0.7673,0.7501,0.7673,35048,0.011735232,-0.002924365
2006.07.30,0:00,0.7668,0.768,0.7584,0.7655,46063,0.012164485,-0.010954617
2006.08.06,0:00,0.7665,0.7712,0.7563,0.7661,43788,0.013091775,-0.013307241
2006.08.13,0:00,0.7658,0.7699,0.7562,0.7592,41544,0.005696119,-0.01253591
2006.08.20,0:00,0.7594,0.7668,0.7549,0.7571,39316,0.001190161,-0.005925731
2006.08.27,0:00,0.7573,0.767,0.7562,0.7669,37647,0.018594767,-0.001452529
2006.09.03,0:00,0.7668,0.772,0.7529,0.7539,41916,0.00748363,-0.018127282
2006.09.10,0:00,0.7531,0.7569,0.7483,0.7529,39678,0.004938601,-0.006373656
2006.09.17,0:00,0.7519,0.7578,0.7492,0.7498,40786,0.008609093,-0.003590903
2006.09.24,0:00,0.7508,0.7555,0.7434,0.7457,40052,0.005799838,-0.009856153
2006.10.01,0:00,0.7451,0.7494,0.7414,0.7426,30016,0.001483479,-0.004965776
2006.10.08,0:00,0.7429,0.753,0.7415,0.7509,24637,0.002269087,-0.001884507
2006.10.15,0:00,0.7507,0.7603,0.7492,0.7586,24339,0.003704684,-0.001998135
2006.10.22,0:00,0.7585,0.7695,0.7558,0.768,24501,0.00117325,-0.003559657
2006.10.29,0:00,0.7682,0.7766,0.7671,0.7699,27501,0.007195186,-0.001431919
2006.11.05,0:00,0.7695,0.7761,0.7644,0.7668,23068,0.007224484,-0.00662768
2006.11.12,0:00,0.7667,0.7694,0.7613,0.7687,26331,-0.000130073,-0.007043172
2006.11.19,0:00,0.7689,0.7789,0.7688,0.7786,22986,0.003221234,-0.000130056
2006.11.26,0:00,0.7806,0.7926,0.7761,0.7881,22042,0.005871091,-0.005764796
2006.12.03,0:00,0.7904,0.7929,0.7835,0.7854,21948,0.010810811,-0.008729757
2006.12.10,0:00,0.7848,0.7901,0.777,0.7814,23582,0.00437018,-0.009938838
2006.12.17,0:00,0.7801,0.7878,0.778,0.7846,20205,0.005124263,-0.002691963
2006.12.24,0:00,0.786,0.7923,0.7806,0.7892,13715,0.013874615,-0.006870229
2006.12.31,0:00,0.7854,0.7977,0.7784,0.7788,5932,0.003737595,-0.008912656
2007.01.07,0:00,0.7792,0.7839,0.7759,0.7837,12635,0.003328639,-0.004235113
2007.01.14,0:00,0.7842,0.7905,0.7811,0.7895,13938,0.022933402,-0.003953073
2007.01.21,0:00,0.7887,0.7934,0.7718,0.7732,17690,0.004808317,-0.021427666
2007.01.28,0:00,0.774,0.7767,0.7695,0.774,16239,0.002201217,-0.005813953
2007.02.04,0:00,0.7741,0.7818,0.7723,0.7766,8327,0.007786141,-0.002325281
2007.02.11,0:00,0.7768,0.7879,0.7706,0.787,14940,0.003314635,-0.007981462
2007.02.18,0:00,0.7871,0.7921,0.7844,0.792,12136,0.015905593,-0.003430314
2007.02.25,0:00,0.7921,0.7945,0.7796,0.7797,19098,0.015366584,-0.015780836
2007.03.04,0:00,0.7796,0.7816,0.7679,0.7814,13821,0.00243746,-0.015007696
2007.03.11,0:00,0.7815,0.7974,0.7795,0.7954,19950,0.002015621,-0.002559181
2007.03.18,0:00,0.7955,0.8089,0.7938,0.805,20472,0.002990282,-0.002137021
2007.03.25,0:00,0.8051,0.8124,0.8026,0.8095,17009,0.003968746,-0.003105204
2007.04.01,0:00,0.8094,0.8208,0.8063,0.815,16205,0.000122714,-0.003829998
2007.04.08,0:00,0.8149,0.8356,0.8149,0.8352,14969,0.008695652,0
2007.04.15,0:00,0.8351,0.839,0.828,0.8361,15422,0.015670554,-0.008501976
2007.04.22,0:00,0.836,0.8367,0.8232,0.827,20239,0.012487757,-0.015311005
2007.04.29,0:00,0.8269,0.8328,0.8168,0.8209,17035,0.000243694,-0.012214294
2007.05.06,0:00,0.8208,0.835,0.8207,0.8336,16804,0.016461407,-0.000121832
2007.05.13,0:00,0.8335,0.8346,0.8201,0.8235,15968,0.007585954,-0.016076785
2007.05.20,0:00,0.8234,0.8265,0.8173,0.8183,15000,0.002695748,-0.007408307
2007.05.27,0:00,0.8182,0.8329,0.8161,0.8319,14613,0.001324025,-0.00256661
2007.06.03,0:00,0.832,0.8474,0.8308,0.8427,21331,0.011523227,-0.001442308
2007.06.10,0:00,0.8428,0.8444,0.8331,0.8423,18725,0.003215817,-0.011509255
2007.06.17,0:00,0.8424,0.8492,0.8396,0.8481,14103,0.015445402,-0.003323837
2007.06.24,0:00,0.848,0.8529,0.8352,0.8495,19920,0,-0.01509434
2007.07.01,0:00,0.8496,0.8607,0.8495,0.8574,14837,0.001401542,-0.000117702
2007.07.08,0:00,0.8575,0.8714,0.8562,0.8702,18376,0.000459876,-0.001516035
2007.07.15,0:00,0.8701,0.8831,0.8698,0.8803,16298,0.039560699,-0.000344788
2007.07.22,0:00,0.8801,0.8869,0.8468,0.8513,30299,0.008171483,-0.037836609
2007.07.29,0:00,0.8514,0.8612,0.8444,0.855,33083,0.018099548,-0.008221752
2007.08.05,0:00,0.8549,0.866,0.8398,0.8448,27828,0.101003519,-0.017662885
2007.08.12,0:00,0.8449,0.8503,0.7673,0.7934,51336,0.005704145,-0.091845189
2007.08.19,0:00,0.7933,0.8311,0.7889,0.8306,39974,0.031929432,-0.005546452
2007.08.26,0:00,0.8307,0.8333,0.8049,0.8184,33846,0.000611322,-0.031058144
2007.09.02,0:00,0.8185,0.8307,0.8179,0.8231,28777,0.00746634,-0.000733048
2007.09.09,0:00,0.823,0.8436,0.817,0.8405,29236,0.016078337,-0.007290401
2007.09.16,0:00,0.8406,0.8701,0.8272,0.8673,32449,0.007434081,-0.015940995
2007.09.23,0:00,0.8672,0.8894,0.8609,0.8893,25870,0.011602776,-0.00726476
2007.09.30,0:00,0.8892,0.9019,0.8791,0.9012,31212,0.011447811,-0.011358525
2007.10.07,0:00,0.9013,0.9069,0.891,0.904,28184,0.025641026,-0.011427937
2007.10.14,0:00,0.9042,0.9076,0.8814,0.8859,41412,0.012572865,-0.02521566
2007.10.21,0:00,0.8857,0.9213,0.8749,0.9204,37200,0.010873147,-0.012193745
2007.10.28,0:00,0.9205,0.9343,0.9105,0.9189,38129,0.02009325,-0.010863661
2007.11.04,0:00,0.9188,0.9398,0.9008,0.9071,44525,0.036567249,-0.019590771
2007.11.11,0:00,0.9072,0.9078,0.8751,0.8966,53475,0.036531792,-0.035383598
2007.11.18,0:00,0.8967,0.8994,0.865,0.8811,47267,0.016380205,-0.035351846
2007.11.25,0:00,0.881,0.8917,0.8669,0.8831,47886,0.01998152,-0.01600454
2007.12.02,0:00,0.8832,0.8842,0.8658,0.876,35445,0.018367821,-0.019701087
2007.12.09,0:00,0.8758,0.8905,0.8602,0.8626,35034,0.008770904,-0.017812286
2007.12.16,0:00,0.8627,0.8695,0.8551,0.8676,28878,0.000692042,-0.008809551
2007.12.23,0:00,0.8677,0.879,0.867,0.877,12261,0.008393699,-0.00080673
2007.12.30,0:00,0.8771,0.8851,0.8697,0.8726,20440,0.005183735,-0.008436894
2008.01.06,0:00,0.8727,0.8973,0.8681,0.8927,36344,0.026209909,-0.005270998
2008.01.13,0:00,0.8925,0.9016,0.8699,0.8808,44368,0.035017626,-0.025322129
2008.01.20,0:00,0.8807,0.8851,0.851,0.8804,51168,0.004449515,-0.033723175
2008.01.27,0:00,0.8803,0.9045,0.8765,0.9024,39977,0.017132552,-0.00431671
2008.02.03,0:00,0.9025,0.9098,0.8872,0.8965,38567,0.004932182,-0.016952909
2008.02.10,0:00,0.8966,0.9095,0.8921,0.9088,34131,0.000330215,-0.005018961
2008.02.17,0:00,0.9089,0.9248,0.9085,0.922,34186,0.000325486,-0.000440092
2008.02.24,0:00,0.9222,0.9495,0.9217,0.9314,41362,0.010633681,-0.000542182
2008.03.02,0:00,0.9315,0.9419,0.9216,0.9295,49207,0.016291275,-0.010628019
2008.03.09,0:00,0.9294,0.947,0.9146,0.9434,44648,0.053960451,-0.015924252
2008.03.16,0:00,0.9433,0.9434,0.8951,0.8997,52973,0.002227916,-0.051097212
2008.03.23,0:00,0.8998,0.9251,0.8977,0.915,39785,0.013401263,-0.002333852
2008.03.30,0:00,0.9151,0.9227,0.9029,0.921,42455,0.003705318,-0.013331876
2008.04.06,0:00,0.9211,0.9344,0.9176,0.9243,31005,0.004455553,-0.003799805
2008.04.13,0:00,0.9244,0.9398,0.9202,0.9338,34631,0.005275057,-0.004543488
2008.04.20,0:00,0.9339,0.9538,0.9289,0.935,41361,0.008412425,-0.005353892
2008.04.27,0:00,0.9349,0.9471,0.9272,0.934,33757,0,-0.008236175
2008.05.04,0:00,0.9341,0.9504,0.934,0.9398,34124,0.011734309,-0.000107055
2008.05.11,0:00,0.9399,0.9568,0.9289,0.9541,35278,0.003470761,-0.011703373
2008.05.18,0:00,0.9542,0.9651,0.9508,0.9588,30557,0.008201893,-0.003563194
2008.05.25,0:00,0.9589,0.9636,0.951,0.9548,34016,0.006748208,-0.008238607
2008.06.01,0:00,0.9547,0.9639,0.9484,0.962,38814,0.031635389,-0.006598932
2008.06.08,0:00,0.9619,0.9644,0.9325,0.9384,35606,0.001707942,-0.030564508
2008.06.15,0:00,0.9385,0.9564,0.9368,0.9547,25873,0.005900327,-0.001811401
2008.06.22,0:00,0.9546,0.9631,0.9491,0.962,27539,0.011673152,-0.005761576
2008.06.29,0:00,0.9619,0.9665,0.9509,0.9627,29736,0.01625673,-0.0114357
2008.07.06,0:00,0.9626,0.9715,0.9473,0.9673,30574,0.001242107,-0.015894453
2008.07.13,0:00,0.9672,0.9848,0.9661,0.972,34379,0.020044076,-0.001137304
2008.07.20,0:00,0.9721,0.979,0.9529,0.9536,32823,0.02725412,-0.019751054
2008.07.27,0:00,0.9535,0.9592,0.9283,0.9301,32299,0.052983131,-0.026428946
2008.08.03,0:00,0.93,0.9344,0.8833,0.8845,38451,0.029805565,-0.050215054
2008.08.10,0:00,0.8847,0.895,0.8589,0.8666,48159,0.005103224,-0.029162428
2008.08.17,0:00,0.8665,0.881,0.8622,0.8678,40296,0.022023319,-0.004962493
2008.08.24,0:00,0.8677,0.8691,0.8491,0.8573,46371,0.068020431,-0.02143598
2008.08.31,0:00,0.8574,0.8578,0.8027,0.8282,54555,0.048619904,-0.063797527
2008.09.07,0:00,0.8281,0.8351,0.7898,0.8202,67800,0.051673291,-0.046250453
2008.09.14,0:00,0.8201,0.84,0.7799,0.8308,81506,0.008619643,-0.049018412
2008.09.21,0:00,0.8307,0.8517,0.8237,0.8324,64889,0.081600832,-0.008426628
2008.09.28,0:00,0.8321,0.8326,0.7696,0.7738,65597,0.222432859,-0.075111165
2008.10.05,0:00,0.7715,0.7718,0.633,0.6477,103972,-0.002924877,-0.179520415
2008.10.12,0:00,0.6784,0.7236,0.6496,0.6886,78684,0.137054161,-0.04245283
2008.10.19,0:00,0.6914,0.7062,0.6056,0.622,74208,0.035286285,-0.124096037
2008.10.26,0:00,0.613,0.689,0.6008,0.6675,79284,0.020018337,-0.019902121
2008.11.02,0:00,0.6676,0.7013,0.6544,0.6762,65091,0.066729768,-0.019772319
2008.11.09,0:00,0.6856,0.6981,0.6339,0.6539,67189,0.076555812,-0.075408401
2008.11.16,0:00,0.6365,0.6594,0.6074,0.6298,64941,0.010752688,-0.045718775
2008.11.23,0:00,0.6331,0.6615,0.6231,0.6548,56357,0.040852011,-0.015795293
2008.11.30,0:00,0.653,0.6537,0.6291,0.6477,54527,0.003408211,-0.036600306
2008.12.07,0:00,0.6485,0.6799,0.6455,0.6632,57828,0.003631961,-0.00462606
2008.12.14,0:00,0.6631,0.7137,0.6608,0.6832,57170,0.010800414,-0.003468557
2008.12.21,0:00,0.6828,0.6892,0.6759,0.6863,16875,0.004096562,-0.010105448
2008.12.28,0:00,0.6861,0.7127,0.6835,0.7116,21071,0.023001725,-0.003789535
2009.01.04,0:00,0.7115,0.7266,0.6956,0.6991,55789,0.069450818,-0.022347154
2009.01.11,0:00,0.699,0.7001,0.6537,0.6763,57752,0.053919277,-0.064806867
2009.01.18,0:00,0.6762,0.684,0.6417,0.6558,55570,0.03356974,-0.051020408
2009.01.25,0:00,0.6557,0.673,0.6345,0.6364,49723,0.01872899,-0.032331859
2009.02.01,0:00,0.6362,0.6801,0.6247,0.6737,47034,0.047744946,-0.018076077
2009.02.08,0:00,0.6736,0.6848,0.643,0.6514,54785,0.028742893,-0.045427553
2009.02.15,0:00,0.6512,0.6538,0.6332,0.6447,39241,0.017037388,-0.027641278
2009.02.22,0:00,0.6446,0.6553,0.6339,0.6391,44848,0.016865553,-0.016599442
2009.03.01,0:00,0.6392,0.6525,0.6285,0.6405,44526,0.015860428,-0.016739675
2009.03.08,0:00,0.6406,0.6602,0.6305,0.6552,34753,0.003830244,-0.015766469
2009.03.15,0:00,0.6553,0.6942,0.6527,0.6907,39752,0.00611799,-0.003967648
2009.03.22,0:00,0.6905,0.7093,0.6865,0.6903,36118,0.019796129,-0.005792904
2009.03.29,0:00,0.6905,0.7228,0.6769,0.7154,36948,0.017349261,-0.019695873
2009.04.05,0:00,0.7153,0.7208,0.7032,0.7193,28146,0.007846434,-0.016915979
2009.04.12,0:00,0.7271,0.7323,0.7137,0.7208,30132,0.036823936,-0.018429377
2009.04.19,0:00,0.7245,0.7246,0.6952,0.7229,28593,0.034339677,-0.040441684
2009.04.26,0:00,0.7219,0.7382,0.6989,0.7303,27010,-0.001367428,-0.031860368
2009.05.03,0:00,0.7318,0.7706,0.7313,0.7685,28658,0.029470864,-0.000683247
2009.05.10,0:00,0.7688,0.7712,0.7465,0.749,29798,0.005369128,-0.029006243
2009.05.17,0:00,0.7485,0.7867,0.745,0.783,30120,0.01661906,-0.004676019
2009.05.24,0:00,0.7811,0.8014,0.7702,0.8009,27486,0.014696567,-0.013954679
2009.05.31,0:00,0.8036,0.8262,0.7893,0.7931,35263,0.013416816,-0.017794923
2009.06.07,0:00,0.7953,0.8235,0.7826,0.8122,30020,0.034649682,-0.015968817
2009.06.14,0:00,0.809,0.8116,0.785,0.8055,33320,0.034283513,-0.029666255
2009.06.21,0:00,0.8047,0.8085,0.7788,0.8074,33866,0.021895963,-0.032185908
2009.06.28,0:00,0.8075,0.8154,0.7901,0.797,23698,0.03198239,-0.021547988
2009.07.05,0:00,0.7946,0.8036,0.7723,0.7786,33223,0.010906258,-0.028064435
2009.07.12,0:00,0.7788,0.807,0.7702,0.8021,40869,0.002249157,-0.01104263
2009.07.19,0:00,0.8005,0.822,0.8003,0.8171,38069,0.005661538,-0.000249844
2009.07.26,0:00,0.8188,0.8365,0.8125,0.8357,43328,0.002158532,-0.007694187
2009.08.02,0:00,0.8355,0.8468,0.8339,0.8372,38243,0.023597017,-0.001915021
2009.08.09,0:00,0.8338,0.8476,0.8179,0.8325,41663,0.020971302,-0.019069321
2009.08.16,0:00,0.8293,0.8394,0.8154,0.8346,42666,0.013109978,-0.016761124
2009.08.23,0:00,0.8362,0.8469,0.8238,0.841,53152,0.020754946,-0.014828988
2009.08.30,0:00,0.8413,0.8534,0.8239,0.8505,46860,-0.00047009,-0.020682277
2009.09.06,0:00,0.8513,0.8674,0.8509,0.8632,47481,0.010417886,-0.00046987
2009.09.13,0:00,0.8622,0.8774,0.8543,0.8673,46941,0.009779951,-0.009162607
2009.09.20,0:00,0.867,0.8787,0.8589,0.8677,53211,0.012839967,-0.009342561
2009.09.27,0:00,0.8663,0.8858,0.8567,0.8654,63577,0.000925283,-0.011081611
2009.10.04,0:00,0.8653,0.9088,0.8646,0.9038,62340,0.006234692,-0.000808968
2009.10.11,0:00,0.9039,0.9269,0.8982,0.9146,58727,0.003731343,-0.006306007
2009.10.18,0:00,0.9147,0.9326,0.9112,0.9205,63594,0.029411765,-0.003826391
2009.10.25,0:00,0.9207,0.9275,0.8942,0.8997,61300,0.010331275,-0.028782448
2009.11.01,0:00,0.8966,0.9196,0.8905,0.9187,41769,-0.000761366,-0.00680348
2009.11.08,0:00,0.9229,0.9368,0.9194,0.9328,30179,0.029694227,-0.003792394
2009.11.15,0:00,0.9336,0.9404,0.9059,0.9145,34998,0.02235886,-0.029670094
2009.11.22,0:00,0.9147,0.9321,0.8945,0.9061,36433,-0.003738318,-0.022083743
2009.11.29,0:00,0.9125,0.9321,0.9095,0.9145,35692,0.014532949,-0.003287671
2009.12.06,0:00,0.9131,0.9194,0.9014,0.9125,35138,0.035872403,-0.012813492
2009.12.13,0:00,0.9113,0.9173,0.8809,0.8899,30795,0.01286137,-0.033358938
2009.12.20,0:00,0.8797,0.88586,0.8786,0.88257,9985,0,-0.001250426
2009.12.27,0:00,0.88364,0.90094,0.88257,0.8984,100763,0.005270284,-0.0012109
2010.01.03,0:00,0.89843,0.92983,0.89369,0.92884,276037,0.013033188,-0.00527587
2010.01.10,0:00,0.92877,0.93279,0.91689,0.92065,310435,0.025108563,-0.012791111
2010.01.17,0:00,0.92067,0.92774,0.8981,0.90038,320142,0.024311441,-0.024514756
2010.01.24,0:00,0.90144,0.90915,0.87901,0.87976,378094,0.025791707,-0.02488241
2010.01.31,0:00,0.87979,0.89254,0.85764,0.86728,401441,0.007094999,-0.025176463
2010.02.07,0:00,0.8673,0.89188,0.86117,0.88822,342352,0.004001447,-0.007067912
2010.02.14,0:00,0.8882,0.90345,0.88468,0.90109,290755,0.024047367,-0.003963071
2010.02.21,0:00,0.90108,0.90694,0.87993,0.89595,322429,0.002899167,-0.023471834
2010.02.28,0:00,0.89594,0.90914,0.89336,0.90816,310087,0.003081613,-0.002879657
2010.03.07,0:00,0.90806,0.91923,0.90537,0.91723,253451,0.008654438,-0.002962359
2010.03.14,0:00,0.91718,0.92503,0.90936,0.91503,266783,0.016733891,-0.008526134
2010.03.21,0:00,0.91504,0.91965,0.89997,0.9052,276208,0.002280931,-0.016469225
2010.03.28,0:00,0.90512,0.9215,0.90314,0.92,245536,0.003972238,-0.002187555
2010.04.04,0:00,0.92001,0.93592,0.91636,0.93592,220377,0.014910483,-0.003967348
2010.04.11,0:00,0.9382,0.9387,0.92217,0.92402,253820,0.009240246,-0.017085909
2010.04.18,0:00,0.9211,0.93362,0.91556,0.92762,304224,0.015579325,-0.006014548
2010.04.25,0:00,0.9257,0.93225,0.91339,0.92411,313202,0.061024617,-0.013298045
2010.05.02,0:00,0.92343,0.92734,0.87096,0.88776,441383,0.003254679,-0.056820766
2010.05.09,0:00,0.90108,0.90766,0.88488,0.88565,423407,0.097350944,-0.017978426
2010.05.16,0:00,0.8849,0.88603,0.80708,0.83231,575849,0.032066464,-0.08794214
2010.05.23,0:00,0.83159,0.85494,0.80645,0.84719,525242,0.031749318,-0.030231244
2010.05.30,0:00,0.84545,0.85204,0.82112,0.82316,436165,0.018686731,-0.028777574
2010.06.06,0:00,0.81992,0.85075,0.80806,0.85013,521865,-0.000317498,-0.014464826
2010.06.13,0:00,0.85296,0.87285,0.8504,0.87179,393787,0.014440643,-0.003001313
2010.06.20,0:00,0.88162,0.88575,0.85938,0.87377,387091,0.050949592,-0.025226288
2010.06.27,0:00,0.87333,0.87749,0.83141,0.84148,388709,0.011978064,-0.048000183
2010.07.04,0:00,0.84173,0.8789,0.83152,0.8774,366093,0.010817848,-0.01212978
2010.07.11,0:00,0.87736,0.88691,0.86801,0.86876,378308,0.00649945,-0.010656971
2010.07.18,0:00,0.86613,0.89691,0.86315,0.8954,395189,0.005649337,-0.003440592
2010.07.25,0:00,0.89559,0.90671,0.89037,0.90424,365700,-0.000121634,-0.00582856
2010.08.01,0:00,0.90537,0.92199,0.90435,0.91812,311374,0.030171785,-0.001126611
2010.08.08,0:00,0.91897,0.92037,0.89123,0.89267,345918,0.009864811,-0.030185969
2010.08.15,0:00,0.89297,0.90776,0.88395,0.89373,314731,0.019146122,-0.010101123
2010.08.22,0:00,0.88633,0.89969,0.87694,0.89883,310484,0.014618233,-0.010594248
2010.08.29,0:00,0.9019,0.91737,0.88588,0.9164,287989,0.008107543,-0.017762501
2010.09.05,0:00,0.91528,0.92753,0.90903,0.92634,279691,-0.002508964,-0.006828511
2010.09.12,0:00,0.92945,0.94666,0.92867,0.93602,348501,4.2736E-05,-0.000839206
2010.09.19,0:00,0.93765,0.96129,0.93598,0.95892,360859,0.003327265,-0.001781048
2010.09.26,0:00,0.9609,0.97482,0.95574,0.9726,369003,0.019518229,-0.005369966
2010.10.03,0:00,0.97285,0.99154,0.95398,0.98477,358140,0.00847935,-0.019396618
2010.10.10,0:00,0.98948,1.00011,0.97649,0.99055,334623,0.025382235,-0.013128108
2010.10.17,0:00,0.99264,0.99573,0.96603,0.98254,433642,0.018144514,-0.026807302
2010.10.24,0:00,0.98705,0.99721,0.96503,0.98479,425768,0.003576961,-0.0223089
2010.10.31,0:00,0.98473,1.0181,0.98128,1.01552,339330,0.033744923,-0.003503498
2010.11.07,0:00,1.01517,1.01717,0.98237,0.98457,476739,0.012588319,-0.032309859
2010.11.14,0:00,0.98885,0.99178,0.97233,0.98633,406282,0.026261849,-0.016706275
2010.11.21,0:00,0.98739,0.99523,0.96109,0.96436,397884,0.01134719,-0.026635878
2010.11.28,0:00,0.96812,0.9936,0.95354,0.99292,485947,0.018285492,-0.015060117
2010.12.05,0:00,0.98988,0.99633,0.97509,0.98519,412563,0.002289051,-0.014941205
2010.12.12,0:00,0.98388,1.00268,0.98294,0.98796,340700,0.001855739,-0.000955401
2010.12.19,0:00,0.98859,1.00637,0.98613,1.0045,240568,0.005888126,-0.002488393
2010.12.26,0:00,1.00044,1.02749,0.99862,1.02299,219989,0.03270778,-0.0018192
2011.01.02,0:00,1.0202,1.02232,0.99059,0.99559,354232,0.015649069,-0.029023721
2011.01.09,0:00,0.99264,1.00181,0.98025,0.98858,429700,0.00562535,-0.012481867
2011.01.16,0:00,0.99063,1.00751,0.98305,0.98949,384065,0.00331569,-0.007651696
2011.01.23,0:00,0.98787,1.00198,0.98622,0.99377,407981,0.007349065,-0.00167026
2011.01.30,0:00,0.98903,1.01983,0.98652,1.01359,349713,0.017793487,-0.00253784
2011.02.06,0:00,1.01312,1.01874,0.99587,1.002,332327,0.007835367,-0.017026611
2011.02.13,0:00,0.99822,1.01562,0.99421,1.01441,301704,0.017952475,-0.004017151
2011.02.20,0:00,1.01365,1.01763,0.99652,1.01743,293280,0.010006453,-0.016899324
2011.02.27,0:00,1.015,1.02005,1.00735,1.01367,274548,0.017046595,-0.007536946
2011.03.06,0:00,1.01458,1.01832,0.99668,1.01359,297930,0.044485893,-0.017642768
2011.03.13,0:00,1.01255,1.01263,0.97042,0.99567,457815,0.000602973,-0.041607822
2011.03.20,0:00,0.99557,1.02916,0.99507,1.02581,247738,0.00543979,-0.000502225
2011.03.27,0:00,1.02363,1.03952,1.02026,1.03844,244275,0.009517329,-0.003292205
2011.04.03,0:00,1.03965,1.05812,1.02865,1.0565,259715,0.017048682,-0.010580484
2011.04.10,0:00,1.05645,1.0579,1.03879,1.05649,297169,0.011847297,-0.016716361
2011.04.17,0:00,1.05601,1.07727,1.04412,1.07338,263144,0.005461103,-0.011259363
2011.04.24,0:00,1.07413,1.09756,1.06755,1.09688,223972,0.041206679,-0.006125888
2011.05.01,0:00,1.09615,1.101,1.05347,1.06985,364644,0.017093367,-0.038936277
2011.05.08,0:00,1.0717,1.08867,1.05187,1.05706,393772,0.006369184,-0.018503312
2011.05.15,0:00,1.05755,1.07089,1.05037,1.0658,354557,0.020998582,-0.006789277
2011.05.22,0:00,1.06407,1.07164,1.04388,1.0688,400291,0.009587682,-0.018974316
2011.05.29,0:00,1.0725,1.0773,1.05865,1.07148,312929,0.018120314,-0.012913753
2011.06.05,0:00,1.07185,1.07656,1.05241,1.05351,332486,0.005651066,-0.018136866
2011.06.12,0:00,1.05315,1.07135,1.04759,1.06215,343286,0.016090613,-0.0052794
2011.06.19,0:00,1.06045,1.06486,1.04533,1.04885,340074,0.00956772,-0.014258098
2011.06.26,0:00,1.04805,1.07881,1.03891,1.07679,323802,0.010804671,-0.008720958
2011.07.03,0:00,1.07736,1.07862,1.06528,1.07528,286669,0.021808748,-0.011212594
2011.07.10,0:00,1.0709,1.07995,1.05233,1.0639,404887,0.007586017,-0.017340555
2011.07.17,0:00,1.0627,1.08726,1.05589,1.08498,332868,0.005178851,-0.006408206
2011.07.24,0:00,1.08303,1.10784,1.07939,1.09929,306373,0.059679192,-0.003360941
2011.07.31,0:00,1.10285,1.10632,1.03738,1.04405,369599,0.05186536,-0.059364374
2011.08.07,0:00,1.04247,1.04452,0.99257,1.03535,548463,0.003888146,-0.047867085
2011.08.14,0:00,1.03657,1.05998,1.03134,1.04049,382811,0.00422735,-0.005045487
2011.08.21,0:00,1.03757,1.05906,1.03611,1.05705,360306,0.001060676,-0.001407134
2011.08.28,0:00,1.05847,1.07629,1.05593,1.06423,311030,0.021333973,-0.00239969
2011.09.04,0:00,1.06045,1.06595,1.042,1.04696,346023,0.028862312,-0.017398274
2011.09.11,0:00,1.043,1.04391,1.01759,1.036,475514,0.071653926,-0.024362416
2011.09.18,0:00,1.0301,1.03139,0.96673,0.97775,507036,0.016340447,-0.061518299
2011.09.25,0:00,0.98085,0.99836,0.96203,0.96601,510929,0.029203068,-0.019187439
2011.10.02,0:00,0.96561,0.98773,0.9386,0.97673,558595,0.001764084,-0.027971956
2011.10.09,0:00,0.97528,1.03441,0.97501,1.03386,429013,0.021964335,-0.000276844
2011.10.16,0:00,1.03245,1.03767,1.01164,1.03735,467595,0.005807865,-0.02015594
2011.10.23,0:00,1.03325,1.07509,1.03136,1.07067,525057,0.049542705,-0.00182918
2011.10.30,0:00,1.07066,1.07072,1.02013,1.04072,493127,0.035459864,-0.047195188
2011.11.06,0:00,1.04073,1.04249,1.00508,1.02731,478708,0.031145863,-0.034254802
2011.11.13,0:00,1.03425,1.03425,0.99628,1.00064,515309,0.035655513,-0.036712594
2011.11.20,0:00,0.99944,1.0012,0.96619,0.97095,465758,-0.008070695,-0.03326863
2011.11.27,0:00,0.98184,1.03291,0.97885,1.02126,549317,0.016523003,-0.003045303
2011.12.04,0:00,1.02527,1.03781,1.00466,1.02146,471771,0.036005517,-0.020102022
2011.12.11,0:00,1.02077,1.02141,0.98596,0.99805,469555,0.010028943,-0.034101708
2011.12.18,0:00,0.99861,1.02172,0.98814,1.01463,348057,0.010285771,-0.010484574
2011.12.25,0:00,1.01444,1.02666,1.0043,1.02066,194305,0.001108354,-0.009995663
2012.01.01,0:00,1.02201,1.03846,1.01953,1.02265,293847,0.008172641,-0.002426591
2012.01.08,0:00,1.01996,1.03758,1.01436,1.0327,355197,0.00726652,-0.005490411
2012.01.15,0:00,1.0288,1.04867,1.02525,1.04826,355715,0.005399806,-0.003450622
2012.01.22,0:00,1.04765,1.06857,1.04263,1.06547,364039,0.012351896,-0.004791677
2012.01.29,0:00,1.06365,1.07921,1.05247,1.07692,377912,0.012323629,-0.010510976
2012.02.05,0:00,1.07535,1.08424,1.06381,1.06717,382211,0.004196818,-0.01073139
2012.02.12,0:00,1.06898,1.07973,1.06271,1.06985,393936,0.009702049,-0.005865404
2012.02.19,0:00,1.0771,1.08142,1.05957,1.06925,340063,0.004113178,-0.016275183
2012.02.26,0:00,1.07043,1.08542,1.06487,1.07306,354114,0.021222734,-0.005194174
2012.03.04,0:00,1.0739,1.07417,1.05076,1.05739,363751,0.014633351,-0.02154763
2012.03.11,0:00,1.05645,1.05956,1.04214,1.05882,334853,0.024529014,-0.013545364
2012.03.18,0:00,1.0591,1.06352,1.03347,1.0466,342726,0.015820635,-0.024199792
2012.03.25,0:00,1.04651,1.05557,1.0303,1.03342,338380,0.009021852,-0.01548958
2012.04.01,0:00,1.0449,1.04637,1.02418,1.03024,310442,0.007638665,-0.019829649
2012.04.08,0:00,1.0296,1.04503,1.02243,1.03709,300559,0.006600083,-0.006963869
2012.04.15,0:00,1.03712,1.04162,1.03029,1.03781,304942,0.012942267,-0.006585545
2012.04.22,0:00,1.03673,1.04723,1.02455,1.04701,278286,0.029670351,-0.011748478
2012.04.29,0:00,1.04585,1.04678,1.01684,1.01784,206468,0.016173476,-0.027738203
2012.05.06,0:00,1.01525,1.02181,1.00164,1.00176,291784,0.022892969,-0.013405565
2012.05.13,0:00,1.0012,1.00328,0.97934,0.98409,319480,0.015782411,-0.021833799
2012.05.20,0:00,0.98365,0.99329,0.9688,0.97563,339269,0.018264745,-0.015096833
2012.05.27,0:00,0.98145,0.98957,0.95813,0.96952,347139,0.0071784,-0.023760762
2012.06.03,0:00,0.96985,1.00007,0.96261,0.99147,380487,0.00669117,-0.007465072
2012.06.10,0:00,0.9985,1.00875,0.98488,1.00714,361809,0.006475726,-0.013640461
2012.06.17,0:00,1.0114,1.02222,1.00066,1.00623,363951,0.009551424,-0.010618944
2012.06.24,0:00,1.00445,1.02562,0.99671,1.02409,327010,0.006189882,-0.00770571
2012.07.01,0:00,1.0263,1.03272,1.01779,1.02104,278772,0.011080854,-0.008291922
2012.07.08,0:00,1.01967,1.02793,1.00985,1.02247,279393,0.00238226,-0.009630567
2012.07.15,0:00,1.02475,1.04421,1.02004,1.03759,268919,0.01973445,-0.004596243
2012.07.22,0:00,1.03565,1.0485,1.01751,1.04822,350231,0.004590629,-0.01751557
2012.07.29,0:00,1.04733,1.05783,1.04343,1.05666,309693,0.006774332,-0.003723755
2012.08.05,0:00,1.05701,1.06113,1.04955,1.05748,247164,0.015918763,-0.007057644
2012.08.12,0:00,1.05536,1.05718,1.04091,1.04173,215327,0.004193256,-0.01369201
2012.08.19,0:00,1.04321,1.05431,1.03738,1.04025,233990,0.012448173,-0.00558852
2012.08.26,0:00,1.04227,1.04241,1.02746,1.03205,193606,0.015247651,-0.01420937
2012.09.02,0:00,1.02858,1.03986,1.01655,1.03834,225032,0.006036178,-0.011695736
2012.09.09,0:00,1.03698,1.06227,1.03211,1.05489,256600,0.017644221,-0.00469633
2012.09.16,0:00,1.0553,1.05567,1.0366,1.04556,256839,0.012482206,-0.01772008
2012.09.23,0:00,1.04445,1.04722,1.03267,1.03764,235093,0.022285275,-0.011278663
2012.09.30,0:00,1.03628,1.04011,1.01502,1.01555,256610,0.000768647,-0.020515691
2012.10.07,0:00,1.01556,1.02918,1.01477,1.02539,224236,0.005235037,-0.000777896
2012.10.14,0:00,1.02534,1.04093,1.02005,1.0315,212637,0.007885249,-0.005159264
2012.10.21,0:00,1.03171,1.03951,1.02343,1.03636,202152,0.003864893,-0.008025511
2012.10.28,0:00,1.03637,1.04174,1.03237,1.03355,157153,0.000425899,-0.003859625
2012.11.04,0:00,1.03379,1.04783,1.03311,1.03836,201943,0.009518069,-0.000657774
2012.11.11,0:00,1.03972,1.04567,1.02857,1.03386,187986,0.000193487,-0.010724041
2012.11.18,0:00,1.035,1.04687,1.03366,1.0459,151307,0.00562473,-0.001294686
2012.11.25,0:00,1.04562,1.04879,1.04005,1.04253,167080,0.003262313,-0.005326983
2012.12.02,0:00,1.04274,1.05136,1.03914,1.04843,164807,0.002351884,-0.003452443
2012.12.09,0:00,1.04867,1.05834,1.04597,1.0564,132797,0.016463162,-0.00257469
2012.12.16,0:00,1.05491,1.05713,1.03929,1.04019,141497,0.005675226,-0.01480695
2012.12.23,0:00,1.0397,1.04142,1.03432,1.03717,91652,0.0008685,-0.00517457
2012.12.30,0:00,1.0367,1.05255,1.03627,1.04792,134292,0.001289928,-0.000414778
2013.01.06,0:00,1.04754,1.0597,1.04657,1.05341,164518,0.004788294,-0.000925979
2013.01.13,0:00,1.05495,1.05781,1.04839,1.05073,168662,0.010161898,-0.006218304
2013.01.20,0:00,1.05055,1.05765,1.04016,1.04229,153209,0.006139411,-0.009890058
2013.01.27,0:00,1.04137,1.04746,1.03593,1.04041,167415,0.014648085,-0.005223888
2013.02.03,0:00,1.0424,1.04559,1.02539,1.03167,167092,0.008938613,-0.016318112
2013.02.10,0:00,1.0311,1.03729,1.02253,1.0303,144676,0.008170654,-0.008311512
2013.02.17,0:00,1.02885,1.03656,1.02195,1.03182,161158,0.01354577,-0.006706517
2013.02.24,0:00,1.0303,1.03263,1.01803,1.02017,214717,0.008721016,-0.011909153
2013.03.03,0:00,1.01991,1.02991,1.01135,1.02318,176584,0.002901335,-0.008392897
2013.03.10,0:00,1.02122,1.04121,1.02022,1.04065,164281,0.006197788,-0.000979221
2013.03.17,0:00,1.03538,1.04581,1.03424,1.04402,166006,0.004357906,-0.001101045
2013.03.24,0:00,1.04404,1.04951,1.03949,1.04173,135811,0.006171886,-0.004358071
2013.03.31,0:00,1.04193,1.04954,1.03534,1.03814,145400,0.003373121,-0.006324801
2013.04.07,0:00,1.0366,1.05804,1.03465,1.05053,162701,0.023170423,-0.00188115
2013.04.14,0:00,1.0504,1.05221,1.02674,1.02756,258852,0.005499344,-0.022524752
2013.04.21,0:00,1.02769,1.03375,1.02194,1.02778,185294,0.005626058,-0.005595072
2013.04.28,0:00,1.028,1.03825,1.02203,1.0316,148062,0.03580537,-0.005807393
2013.05.05,0:00,1.03045,1.03119,0.99594,1.0023,184951,0.032298597,-0.033490223
2013.05.12,0:00,1.00003,1.00134,0.97094,0.97294,244120,0.014324437,-0.029089127
2013.05.19,0:00,0.97538,0.98402,0.9592,0.96496,286645,0.012943115,-0.016588407
2013.05.26,0:00,0.96415,0.96954,0.95263,0.95702,262738,0.015179642,-0.011948348
2013.06.02,0:00,0.96128,0.97899,0.94271,0.9495,305590,0.018339768,-0.019317993
2013.06.09,0:00,0.94027,0.96641,0.9324,0.95697,325773,0.044544621,-0.008369936
2013.06.16,0:00,0.95616,0.96395,0.91616,0.92171,265461,0.011611954,-0.041834003
2013.06.23,0:00,0.9207,0.93428,0.91113,0.91366,275356,0.011211581,-0.010394265
2013.06.30,0:00,0.91128,0.9251,0.90353,0.90648,247782,0.007569442,-0.008504521
2013.07.07,0:00,0.90511,0.93034,0.89967,0.90467,251142,0.001416885,-0.006010319
2013.07.14,0:00,0.90689,0.92902,0.90339,0.91723,233791,0.004963296,-0.003859343
2013.07.21,0:00,0.91768,0.93158,0.9127,0.92615,229826,0.044196403,-0.005426728
2013.07.28,0:00,0.92509,0.92851,0.88695,0.89009,273959,0.006103833,-0.041228421
2013.08.04,0:00,0.89182,0.92134,0.88469,0.91951,345800,0.015225456,-0.007994887
2013.08.11,0:00,0.91877,0.92199,0.90572,0.91814,343123,0.028037174,-0.014203772
2013.08.18,0:00,0.91846,0.9232,0.8931,0.90237,394382,0.01491379,-0.027611437
2013.08.25,0:00,0.90338,0.90687,0.88911,0.89007,324590,-0.0024209,-0.015796232
2013.09.01,0:00,0.89422,0.92155,0.89223,0.91816,286402,0.001691014,-0.002225403
2013.09.08,0:00,0.92006,0.9353,0.91661,0.9242,274524,-0.004545357,-0.003749755
2013.09.15,0:00,0.93281,0.95274,0.92842,0.93945,295627,0.010530732,-0.00470621
2013.09.22,0:00,0.93666,0.94558,0.92966,0.93147,225607,0.003739224,-0.007473363
2013.09.29,0:00,0.93089,0.94575,0.928,0.94317,226030,0.004751201,-0.003104556
2013.10.06,0:00,0.94345,0.94836,0.93871,0.94663,229314,0.004435249,-0.005024114
2013.10.13,0:00,0.94245,0.96761,0.94245,0.96752,222586,0.010918742,0
2013.10.20,0:00,0.96696,0.97562,0.95707,0.95853,246599,0.017482963,-0.010227931
2013.10.27,0:00,0.95854,0.96214,0.94206,0.94359,268912,0.00902529,-0.017192814
2013.11.03,0:00,0.94538,0.95416,0.93515,0.93828,270878,0.012343015,-0.010821046
2013.11.10,0:00,0.93845,0.93892,0.92684,0.93672,241435,0.024599937,-0.012371464
2013.11.17,0:00,0.93743,0.94465,0.91423,0.91676,279678,0.012468663,-0.024748515
2013.11.24,0:00,0.91622,0.92032,0.90547,0.91051,258126,0.012927054,-0.01173299
2013.12.01,0:00,0.91267,0.91672,0.89889,0.91025,325625,0.021799894,-0.015098557
2013.12.08,0:00,0.91215,0.91657,0.89083,0.89617,246484,0.015846926,-0.023373349
2013.12.15,0:00,0.89591,0.89687,0.88219,0.89184,290776,0.006489183,-0.015314038
2013.12.22,0:00,0.89208,0.89571,0.88609,0.88673,134527,0.003962728,-0.006714644
2013.12.29,0:00,0.88609,0.90034,0.88323,0.89432,168468,0.008946401,-0.003227663
2014.01.05,0:00,0.89569,0.90038,0.88639,0.89936,279577,0.026385465,-0.010383057
2014.01.12,0:00,0.89971,0.9085,0.87624,0.87782,279847,0.013730902,-0.026086183
2014.01.19,0:00,0.87712,0.88866,0.86593,0.86797,235646,0.000391872,-0.012757661
2014.01.26,0:00,0.86911,0.88245,0.86763,0.87526,312408,0.002669172,-0.001702891
2014.02.02,0:00,0.87657,0.8997,0.87293,0.89563,263339,0.005670462,-0.004152549
2014.02.09,0:00,0.89549,0.90661,0.89058,0.90311,211627,0.010676276,-0.005483032
2014.02.16,0:00,0.90603,0.90795,0.89357,0.89734,225060,0.007907447,-0.013752304
2014.02.23,0:00,0.89791,0.90479,0.8903,0.89284,225401,0.004375949,-0.008475237
2014.03.02,0:00,0.88939,0.91321,0.88895,0.90656,211342,0.015947015,-0.000494721
2014.03.09,0:00,0.9051,0.91024,0.89233,0.90248,226885,0.003413349,-0.014108938
2014.03.16,0:00,0.90204,0.91374,0.89941,0.90795,194977,0.003547981,-0.002915613
2014.03.23,0:00,0.90971,0.92941,0.90474,0.92469,220299,0.004573701,-0.00546328
2014.03.30,0:00,0.92376,0.93063,0.92048,0.92894,208580,0.003933859,-0.003550706
2014.04.06,0:00,0.92827,0.94601,0.9253,0.93928,188374,0.007800345,-0.0031995
2014.04.13,0:00,0.93869,0.94243,0.93201,0.933,164976,0.008517814,-0.0071163
2014.04.20,0:00,0.9334,0.93767,0.92512,0.92786,143149,0.008324277,-0.008870795
2014.04.27,0:00,0.92738,0.93154,0.9202,0.92742,159929,0.002464492,-0.007742242
2014.05.04,0:00,0.92849,0.93931,0.92514,0.93594,173161,0.003527583,-0.003608009
2014.05.11,0:00,0.93596,0.94079,0.93265,0.93573,147454,0.016225198,-0.003536476
2014.05.18,0:00,0.93716,0.93723,0.92079,0.92286,163534,0.001921636,-0.017467668
2014.05.25,0:00,0.92335,0.93281,0.92109,0.93098,132435,0.008787803,-0.002447609
2014.06.01,0:00,0.93081,0.93574,0.92287,0.93295,165241,-0.000439273,-0.008530205
2014.06.08,0:00,0.93339,0.94364,0.93336,0.94007,179742,0.008518125,-3.21409E-05
2014.06.15,0:00,0.93915,0.94305,0.93213,0.93867,174279,0.003570932,-0.007474844
2014.06.22,0:00,0.93718,0.94442,0.93533,0.94247,166871,0.010323314,-0.001974007
2014.06.29,0:00,0.94188,0.95038,0.93284,0.93615,171260,0.002259004,-0.009597826
2014.07.06,0:00,0.93604,0.94546,0.93404,0.93872,150044,0.006292544,-0.002136661
2014.07.13,0:00,0.93757,0.94086,0.93285,0.93902,173693,0.003247933,-0.005034291
2014.07.20,0:00,0.93881,0.947,0.93598,0.9393,168159,0.012776969,-0.003014454
2014.07.27,0:00,0.93934,0.94153,0.92745,0.9308,189081,0.007566491,-0.012657824
2014.08.03,0:00,0.93081,0.93721,0.92381,0.92704,139377,0.002595605,-0.007520332
2014.08.10,0:00,0.92735,0.93332,0.92464,0.93142,226539,0.008270367,-0.002922305
2014.08.17,0:00,0.93121,0.93442,0.92378,0.93096,243326,0.004228512,-0.007978866
2014.08.24,0:00,0.93062,0.93728,0.92704,0.93325,214393,0.007644385,-0.003846898
2014.08.31,0:00,0.93237,0.94007,0.92617,0.93757,236918,0.038363993,-0.006649721
2014.09.07,0:00,0.93575,0.93731,0.90293,0.90352,313716,0.012960222,-0.03507347
2014.09.14,0:00,0.90071,0.91112,0.89196,0.89248,281959,0.020373631,-0.009714559
2014.09.21,0:00,0.89279,0.89485,0.87466,0.87608,246576,0.013817206,-0.020307127
2014.09.28,0:00,0.87463,0.88255,0.86414,0.86738,292661,0.002612354,-0.011993643
2014.10.05,0:00,0.86718,0.88974,0.86512,0.86851,381929,0.003988163,-0.002375516
2014.10.12,0:00,0.86858,0.88589,0.86506,0.8747,340953,0.003349469,-0.004052592
2014.10.19,0:00,0.87528,0.88316,0.87178,0.87969,375470,0.004877659,-0.00399872
2014.10.26,0:00,0.88014,0.89101,0.87542,0.87961,415866,0.030012412,-0.005362783
2014.11.02,0:00,0.87496,0.87609,0.85398,0.86301,459880,0.004715004,-0.023978239
2014.11.09,0:00,0.86433,0.8771,0.85896,0.87432,421729,0.020781768,-0.006212905
2014.11.16,0:00,0.87751,0.87948,0.85652,0.86667,463904,0.022173211,-0.023919955
2014.11.23,0:00,0.86742,0.86996,0.84787,0.85049,407947,0.022985879,-0.022538101
2014.11.30,0:00,0.84657,0.85413,0.83138,0.83237,405195,0.013379922,-0.017942993
2014.12.07,0:00,0.83017,0.83747,0.82138,0.82422,376144,0.016827457,-0.010588193
2014.12.14,0:00,0.82462,0.82734,0.81058,0.81425,362325,0.006875317,-0.017026024
2014.12.21,0:00,0.81407,0.8172,0.80869,0.81164,128231,0.004952702,-0.006608768
2014.12.28,0:00,0.81219,0.82146,0.80764,0.80904,152758,0.007283457,-0.005602137
2015.01.04,0:00,0.80687,0.82074,0.80319,0.82008,363786,0.01657349,-0.004560834
2015.01.11,0:00,0.82092,0.82943,0.80671,0.82216,452377,0.043337013,-0.017309847
2015.01.18,0:00,0.82155,0.82427,0.78801,0.79051,442116,0.024122608,-0.040825269
2015.01.25,0:00,0.78724,0.80243,0.77189,0.77627,439168,0.018032314,-0.019498501
2015.02.01,0:00,0.77492,0.78756,0.76252,0.77952,449225,0.019926991,-0.016001652
2015.02.08,0:00,0.77603,0.78407,0.76429,0.77512,380284,0.001395277,-0.015128281
2015.02.15,0:00,0.77707,0.7848,0.77404,0.78446,360503,0.013710667,-0.003899263
2015.02.22,0:00,0.78461,0.79121,0.77385,0.781,375010,0.01387753,-0.01371382
2015.03.01,0:00,0.78021,0.78596,0.77031,0.77108,355113,0.020014551,-0.012688891
2015.03.08,0:00,0.77106,0.7739,0.75595,0.76262,465705,0.004782672,-0.0195964
2015.03.15,0:00,0.76261,0.78466,0.75899,0.77985,481915,0.007011699,-0.004746856
2015.03.22,0:00,0.77988,0.79373,0.77442,0.77472,518118,0.028530462,-0.007001077
2015.03.29,0:00,0.77336,0.77462,0.75323,0.76285,398482,0.006929778,-0.026029275
2015.04.05,0:00,0.76386,0.77378,0.7576,0.76765,404881,0.016485699,-0.008195219
2015.04.12,0:00,0.76653,0.78417,0.7552,0.77814,516146,0.012939339,-0.014780896
2015.04.19,0:00,0.7826,0.78397,0.7682,0.78198,507667,0.003748107,-0.018400204
2015.04.26,0:00,0.78192,0.80748,0.77906,0.7846,552268,0.00762849,-0.003657663
2015.05.03,0:00,0.78294,0.80296,0.77866,0.79334,499369,0.007364705,-0.005466575
2015.05.10,0:00,0.7925,0.81625,0.78754,0.80365,474785,0.029040808,-0.006258675
2015.05.17,0:00,0.80397,0.80504,0.78097,0.78294,237424,0.027938975,-0.028608033
2015.05.24,0:00,0.78224,0.78388,0.76166,0.76425,485147,0.005962723,-0.026309061
2015.05.31,0:00,0.76348,0.7818,0.75972,0.76119,540419,0.001249605,-0.004924818
2015.06.07,0:00,0.76199,0.7792,0.76024,0.77249,511144,0.010609906,-0.002296618
2015.06.14,0:00,0.7751,0.7848,0.76438,0.77682,437762,0.01816609,-0.013830473
2015.06.21,0:00,0.77639,0.77955,0.76296,0.76546,403013,0.019715983,-0.017298007
2015.06.28,0:00,0.76196,0.77375,0.75066,0.75102,491492,0.018857174,-0.014830175
2015.07.05,0:00,0.74741,0.7532,0.73712,0.74347,520858,0.011661451,-0.013767544
2015.07.12,0:00,0.74122,0.74878,0.7349,0.73696,509254,0.015236258,-0.008526483
2015.07.19,0:00,0.73758,0.74484,0.7259,0.728,525563,0.006442337,-0.01583557
2015.07.26,0:00,0.72689,0.73653,0.72334,0.72999,511168,0.005606678,-0.00488382
2015.08.02,0:00,0.7318,0.74277,0.72592,0.74175,556821,0.028152029,-0.008034982
2015.08.09,0:00,0.74131,0.74387,0.72144,0.73722,582482,0.012122627,-0.026803901
2015.08.16,0:00,0.73718,0.73883,0.72839,0.73095,539737,0.038266502,-0.011923818
2015.08.23,0:00,0.72913,0.73107,0.70401,0.71656,638916,0.037515384,-0.034452018
2015.08.30,0:00,0.71493,0.71618,0.69065,0.69065,528461,-0.000622215,-0.033961367
2015.09.06,0:00,0.69243,0.70987,0.69108,0.70892,420154,0.003837385,-0.001949656
2015.09.13,0:00,0.708,0.72789,0.70621,0.71827,340883,0.03532922,-0.002528249
2015.09.20,0:00,0.71805,0.71964,0.69376,0.70243,307327,0.012818295,-0.033827728
2015.09.27,0:00,0.70262,0.70838,0.69354,0.7047,303805,0.000781084,-0.012923059
2015.10.04,0:00,0.70511,0.73434,0.70415,0.73313,322978,0.018575636,-0.00136149
2015.10.11,0:00,0.73149,0.73813,0.71976,0.72658,340150,0.011752583,-0.016035763
2015.10.18,0:00,0.72543,0.73063,0.71814,0.72085,301317,0.020065943,-0.010049212
2015.10.25,0:00,0.72084,0.72688,0.70667,0.71337,390636,0.015950553,-0.019657622
2015.11.01,0:00,0.71119,0.72233,0.70217,0.70391,399450,0.003421191,-0.012682968
2015.11.08,0:00,0.70246,0.71583,0.70151,0.71243,381875,0.007979739,-0.00135239
2015.11.15,0:00,0.71181,0.72495,0.70679,0.72361,415270,0.010868502,-0.007052444
2015.11.22,0:00,0.72234,0.72822,0.71583,0.71896,430361,0.002831518,-0.009012376
2015.11.29,0:00,0.71913,0.73844,0.71693,0.73374,534008,0.023176037,-0.003059252
2015.12.06,0:00,0.73385,0.73417,0.71712,0.71841,464386,0.012429713,-0.022797574
2015.12.13,0:00,0.72019,0.72821,0.70959,0.71709,463500,0.002334293,-0.014718338
2015.12.20,0:00,0.71684,0.72796,0.71542,0.72692,227836,0.003464889,-0.001980916
2015.12.27,0:00,0.72723,0.73266,0.72441,0.72881,190183,0.04867766,-0.003877728
2016.01.03,0:00,0.72827,0.73008,0.69498,0.69508,505455,0.018268118,-0.045711069
2016.01.10,0:00,0.69688,0.70477,0.68261,0.68553,574224,0.004115889,-0.020476983
2016.01.17,0:00,0.68357,0.7045,0.68272,0.70054,598858,0.012662985,-0.001243472
2016.01.24,0:00,0.70014,0.714,0.69178,0.7082,584019,0.011439752,-0.011940469
2016.01.31,0:00,0.708,0.72418,0.70019,0.70682,505800,0.013696273,-0.011031073
2016.02.07,0:00,0.70673,0.7152,0.69727,0.71017,595853,0.004725323,-0.013385593
2016.02.14,0:00,0.71001,0.71862,0.70683,0.71466,392004,0.00411673,-0.00447881
2016.02.21,0:00,0.7154,0.72582,0.71173,0.7124,395065,0.002293288,-0.005129997
2016.02.28,0:00,0.71208,0.74421,0.71077,0.74345,423614,0.005790278,-0.001839681
2016.03.06,0:00,0.74001,0.75825,0.73917,0.75472,438568,0.018007203,-0.00113512
2016.03.13,0:00,0.75471,0.76795,0.74137,0.75942,417724,0.015769833,-0.017675663
2016.03.20,0:00,0.75942,0.7648,0.74763,0.74986,326960,0.000840863,-0.015525006
2016.03.27,0:00,0.75084,0.7722,0.74923,0.76779,369065,0.02494994,-0.002144265
2016.04.03,0:00,0.76661,0.76775,0.7491,0.75509,391408,0.003161908,-0.022840819
2016.04.10,0:00,0.75419,0.77358,0.75271,0.77231,392442,0.012135509,-0.00196237
2016.04.17,0:00,0.76495,0.78336,0.76305,0.7709,363757,0.021397814,-0.002483822
2016.04.24,0:00,0.76938,0.77644,0.75475,0.76073,329318,0.036854802,-0.019015311
2016.05.01,0:00,0.75944,0.7718,0.73369,0.7364,364035,0.015262019,-0.033906563
2016.05.08,0:00,0.73534,0.74015,0.72533,0.72672,320847,0.012793712,-0.013612751
2016.05.15,0:00,0.7245,0.73654,0.71754,0.72209,305653,0.010735982,-0.009606625
2016.05.22,0:00,0.72172,0.72588,0.71442,0.7182,303906,0.004756575,-0.010114726
2016.05.29,0:00,0.71759,0.73675,0.7148,0.73637,308172,0.006726365,-0.003888014
2016.06.05,0:00,0.7366,0.75036,0.73145,0.73765,313722,0.012601754,-0.006991583
2016.06.12,0:00,0.73751,0.74452,0.72847,0.73911,349667,0.011966538,-0.012257461
2016.06.19,0:00,0.74319,0.76444,0.73037,0.74626,341679,0.019160646,-0.017249963
2016.06.26,0:00,0.74114,0.7502,0.73223,0.74974,358432,0.012177341,-0.01202202
2016.07.03,0:00,0.7447,0.75719,0.74072,0.75653,305893,0.0058768,-0.005344434
2016.07.10,0:00,0.75621,0.76753,0.75211,0.75675,304664,0.01687741,-0.005421774
2016.07.17,0:00,0.75917,0.76058,0.74419,0.74637,264477,0.005862376,-0.019732076
2016.07.24,0:00,0.74594,0.76097,0.74202,0.76018,296368,0.015590974,-0.005255114
2016.07.31,0:00,0.759,0.76635,0.74851,0.76162,287103,0.002553707,-0.013820817
2016.08.07,0:00,0.76124,0.77552,0.75968,0.7648,269053,0.006540937,-0.002049288
2016.08.14,0:00,0.76529,0.77485,0.75983,0.76245,316457,0.009787302,-0.00713455
2016.08.21,0:00,0.76002,0.76911,0.75506,0.75597,316208,0.009373122,-0.006526144
2016.08.28,0:00,0.75561,0.76152,0.74895,0.75702,316696,0.004444916,-0.008814071
2016.09.04,0:00,0.75671,0.77314,0.75367,0.75371,323691,0.012846872,-0.004017391
2016.09.11,0:00,0.75382,0.75673,0.74415,0.74914,403596,0.002100138,-0.012827996
2016.09.18,0:00,0.74757,0.7674,0.74757,0.76218,337590,0.004308811,0
2016.09.25,0:00,0.76119,0.77094,0.75891,0.76578,356401,0.013942403,-0.00299531
2016.10.02,0:00,0.76544,0.76904,0.75525,0.7586,357020,0.01065814,-0.013312605
2016.10.09,0:00,0.76051,0.7647,0.7506,0.7615,363955,0.004551151,-0.013030729
2016.10.16,0:00,0.76179,0.77336,0.75805,0.76041,298638,0.006206002,-0.004909489
2016.10.23,0:00,0.76038,0.7708,0.75572,0.75966,349994,0.001846332,-0.006128515
2016.10.30,0:00,0.75969,0.76962,0.75826,0.76715,385584,0.019549732,-0.001882347
2016.11.06,0:00,0.76755,0.77771,0.75244,0.75477,544010,0.029770107,-0.019686014
2016.11.13,0:00,0.75401,0.75803,0.73295,0.73337,516971,0.003214686,-0.027930664
2016.11.20,0:00,0.73297,0.74672,0.73102,0.74337,445501,0.008752646,-0.002660409
2016.11.27,0:00,0.74409,0.74966,0.73692,0.74568,437954,0.006166426,-0.009635931
2016.12.04,0:00,0.74478,0.75071,0.74111,0.74487,443208,0.02524328,-0.00492763
2016.12.11,0:00,0.74435,0.7524,0.72653,0.72968,462692,0.019220025,-0.023940351
2016.12.18,0:00,0.72799,0.7312,0.71592,0.71738,339913,0.001535712,-0.016579898
2016.12.25,0:00,0.71923,0.72456,0.71628,0.72,267623,0.005039155,-0.004101609
2017.01.01,0:00,0.72069,0.73558,0.71639,0.72969,379535,0.001344842,-0.005966504
2017.01.08,0:00,0.72933,0.75175,0.72871,0.74998,441742,0.0057126,-0.000850095
2017.01.15,0:00,0.74771,0.75874,0.74572,0.75537,463296,0.005711775,-0.00266146
2017.01.22,0:00,0.75515,0.76082,0.75108,0.7545,415140,0.002391391,-0.005389658
2017.01.29,0:00,0.75564,0.76953,0.7527,0.76796,382980,0.009809336,-0.003890742
2017.02.05,0:00,0.76763,0.76878,0.7605,0.76738,356015,0.007443778,-0.009288329
2017.02.12,0:00,0.76748,0.77313,0.76171,0.76678,338395,0.002470944,-0.007518111
2017.02.19,0:00,0.76672,0.774,0.76489,0.7668,272544,0.016679483,-0.00238679
2017.02.26,0:00,0.76782,0.7707,0.75422,0.75939,304495,0.013817687,-0.017712485
2017.03.05,0:00,0.75862,0.7632,0.74904,0.75456,295178,0.001659343,-0.012628193
2017.03.12,0:00,0.75459,0.77183,0.75331,0.76816,253219,#DIV/0!,-0.001696285
